Company,Product,Model, Cash Rate ,Installment Rate,Fix Rate,Remarks,Month,Year
ANEX,Home Appliances,AG-1079B IRON,"8,800",1400,,10 Month Plan,SEP,2026
ANEX,Home Appliances,Iron Anex AG-2079,"9,161",1400,,10 Month Plan,SEP,2026
ANEX,Home Appliances,ANEX CHOPRER AG-3057,"10,556",1600,,10 Month Plan,SEP,2026
ANEX,Home Appliances,AG-128 STICK,"9,100",1400,,10 Month Plan,SEP,2026
ANEX,Home Appliances,AG-2036C SANDWHICH,"9,600",1500,,10 Month Plan,SEP,2026
ANEX,Home Appliances,AG-2046 SANDWHICH,"8,200",1300,,10 Month Plan,SEP,2026
ANEX,Home Appliances,ANEX VACUUM CLEANER-2199,"31,481",4400,,10 Month Plan,SEP,2026
ANEX,Home Appliances,ANEX FOOD FACTORY AG-3150,"23,297",3300,,10 Month Plan,SEP,2026
ANEX,Home Appliances,AG-3048 CHOPPER,"17,717",2700,,10 Month Plan,SEP,2026
ANEX,Home Appliances,Qeema Machine AG 2049,"25,300",3500,,10 Month Plan,SEP,2026
ANEX,Home Appliances,ANEX BLANDER AG-695,"8,789",1400,,10 Month Plan,SEP,2026
ANEX,Home Appliances,AG-4032 KETTLE,"7,022",1100,,10 Month Plan,SEP,2026
ANEX,Home Appliances,ANEX KETTLE AG-4033,"7,487",1200,,10 Month Plan,SEP,2026
ANEX,Home Appliances,AG-699 BLANDER,"8,200",1300,,10 Month Plan,SEP,2026
ANEX,Home Appliances,ANEX 3IN1 176,"15,700",2400,,10 Month Plan,SEP,2026
ANEX,Home Appliances,ANEX AG-7039 HAIR STRAIGHTENER,"8,100",1300,,10 Month Plan,SEP,2026
ANEX,Home Appliances,ANEX BLANDER (2 IN 1) 6130,"10,300",1600,,10 Month Plan,SEP,2026
ANEX,Home Appliances,ANEX BLANDER 2IN1 AN-131A,"5,000",800,,10 Month Plan,SEP,2026
ANEX,Home Appliances,ANEX BLANDER GRINDER 6133 SS,"13,600",2100,,10 Month Plan,SEP,2026
ANEX,Home Appliances,ANEX BLENDER 2IN1 AG-690,"8,045",1200,,10 Month Plan,SEP,2026
ANEX,Home Appliances,Anex Blender AG-697 UB,"7,700",1200,,10 Month Plan,SEP,2026
ANEX,Home Appliances,ANEX CHOPPER AG-3056,"10,370",1600,,10 Month Plan,SEP,2026
ANEX,Home Appliances,Anex Deep Foyer AG-2013,"6,000",900,,10 Month Plan,SEP,2026
ANEX,Home Appliances,ANEX FOOD FACTORY AG-3153,"19,700",3100,,10 Month Plan,SEP,2026
ANEX,Home Appliances,ANEX FOOD PROCESSOR AG-3156,"28,600",4400,,10 Month Plan,SEP,2026
ANEX,Home Appliances,ANEX HAIR DRYER AG-7002,"6,500",1000,,10 Month Plan,SEP,2026
ANEX,Home Appliances,Anex Iron AG-1072,"4,800",700,,10 Month Plan,SEP,2026
ANEX,Home Appliances,ANEX JUICER (4 IN 1) AG-188,"19,200",3000,,10 Month Plan,SEP,2026
ANEX,Home Appliances,ANEX KETTLE AG-4046,"9,600",1500,,10 Month Plan,SEP,2026
ANEX,Home Appliances,ANEX KETTLE AG-4060,"6,800",1100,,10 Month Plan,SEP,2026
ANEX,Home Appliances,ANEX PLUS HAND BLENDER AN-7007HM,"4,600",700,,10 Month Plan,SEP,2026
ANEX,Home Appliances,ANEX QEEMA MACHINE AG-2048,"20,800",2900,,10 Month Plan,SEP,2026
ANEX,Home Appliances,ANEX SANDWICH MAKER (3 IN 1) 2047,"11,800",1800,,10 Month Plan,SEP,2026
ANEX,Home Appliances,ANEX SANDWICH MAKER 1035,"7,300",1100,,10 Month Plan,SEP,2026
ANEX,Home Appliances,ANEX SANDWICH MAKER 1037C,"7,600",1200,,10 Month Plan,SEP,2026
ANEX,Home Appliances,Anex Toster AG-3001,"7,600",1200,,10 Month Plan,SEP,2026
ANEX,Home Appliances,ANEX VACCUME CLEANER 2098,"28,800",4000,,10 Month Plan,SEP,2026
ANEX,Home Appliances,ANEX VACCUME CLEANER AG-2099,"31,800",4500,,10 Month Plan,SEP,2026
ANEX,Home Appliances,Food Factory Anex AG-2150Ex,"22,000",3100,,10 Month Plan,SEP,2026
ANEX,Home Appliances,Food Processor Anex AG-1041,"19,100",3000,,10 Month Plan,SEP,2026
ANEX,Home Appliances,Hand Blender Anex AG-121,"8,600",1300,,10 Month Plan,SEP,2026
ANEX,Home Appliances,Iron Anex AG-1079  BB,"8,500",1300,,10 Month Plan,SEP,2026
ANEX,Home Appliances,Juicer 3in1 Anex 176GL,"15,671",2400,,10 Month Plan,SEP,2026
CANON,Home Appliances,CANON ELECTRIC PLATE CHA-ICTI-01,"12,700",2000,,10 Month Plan,SEP,2026
CANON,Cooking Range,CR-273/726,"38,430",5300,,10 Month Plan,SEP,2026
CANON,Cooking Range,CR-173 GT,"39,630",5500,,10 Month Plan,SEP,2026
CANON,Cooking Range,CR-273 GTA,"41,330",5700,,10 Month Plan,SEP,2026
CANON,Cooking Range,CR-373,"54,930",7600,,10 Month Plan,SEP,2026
CANON,Cooking Range,CR-274 B,"41,930",5800,,10 Month Plan,SEP,2026
CANON,Cooking Range,CR-343 MT,"46,530",6400,,10 Month Plan,SEP,2026
CANON,Cooking Range,CR-343 GT,"48,030",6600,,10 Month Plan,SEP,2026
CANON,Cooking Range,CR-344,"46,530",6400,,10 Month Plan,SEP,2026
CANON,Cooking Range,CR-345,"47,030",6500,,10 Month Plan,SEP,2026
CANON,Cooking Range,CR-523,"51,230",7100,,10 Month Plan,SEP,2026
CANON,Cooking Range,CR-524,"69,930",9700,,10 Month Plan,SEP,2026
CANON,Cooking Range,CR-666,"47,030",6500,,10 Month Plan,SEP,2026
CANON,Cooking Range,CR-663,"47,030",6500,,10 Month Plan,SEP,2026
CANON,Cooking Range,CR-353,"47,030",6500,,10 Month Plan,SEP,2026
CANON,Cooking Range,CR-533,"55,430",7600,,10 Month Plan,SEP,2026
CANON,Cooking Range,CR-235 B,"64,830",8900,,10 Month Plan,SEP,2026
CANON,Cooking Range,CR-236 S,"66,430",9200,,10 Month Plan,SEP,2026
CANON,Cooking Range,CR-573,"62,230",8600,,10 Month Plan,SEP,2026
CANON,Cooking Range,CR-234,"66,930",9200,,10 Month Plan,SEP,2026
CANON,Cooking Range,CR-532,"69,930",9700,,10 Month Plan,SEP,2026
CANON,Cooking Range,G36-B01,"151,030",20800,,10 Month Plan,SEP,2026
CANON,Cooking Range,CAB-527,"29,730",4100,,10 Month Plan,SEP,2026
CANON,Cooking Range,CAB-534,"31,130",4300,,10 Month Plan,SEP,2026
CANON,HOOD/HOB,HB-CA-01,"21,230",2900,,10 Month Plan,SEP,2026
CANON,HOOD/HOB,HB-CA-09,"21,230",2900,,10 Month Plan,SEP,2026
CANON,HOOD/HOB,CA-9-19,"25,030",3500,,10 Month Plan,SEP,2026
CANON,HOOD/HOB,HB-CA-05,"23,030",3200,,10 Month Plan,SEP,2026
CANON,HOOD/HOB,HB-CA-05-S,"24,530",3400,,10 Month Plan,SEP,2026
CANON,HOOD/HOB,CA-5-19,"26,530",3700,,10 Month Plan,SEP,2026
CANON,HOOD/HOB,CA-5-19-S,"28,030",3900,,10 Month Plan,SEP,2026
CANON,HOOD/HOB,CA-2-19,"27,030",3700,,10 Month Plan,SEP,2026
CANON,HOOD/HOB,CA-2-19-S,"32,030",4400,,10 Month Plan,SEP,2026
CANON,HOOD/HOB,CA-6-19,"27,030",3700,,10 Month Plan,SEP,2026
CANON,HOOD/HOB,CA-6-19 S,"32,030",4400,,10 Month Plan,SEP,2026
CANON,HOOD/HOB,HB-CA-24GB,"28,530",3900,,10 Month Plan,SEP,2026
CANON,HOOD/HOB,HB-CA-24GB-S,"30,030",4100,,10 Month Plan,SEP,2026
CANON,HOOD/HOB,CHA-BGH- 100710G-3B- B-21,"28,530",3900,,10 Month Plan,SEP,2026
CANON,HOOD/HOB,CHA-BGH-120730- G-3B- B-22,"29,530",4100,,10 Month Plan,SEP,2026
CANON,HOOD/HOB,HB-HG-01-19,"35,430",4900,,10 Month Plan,SEP,2026
CANON,HOOD/HOB,CHA-BGH- 120760S-3B-B-31,"36,530",5000,,10 Month Plan,SEP,2026
CANON,HOOD/HOB,CHA-BGH- 120760G-3B-B-33,"38,430",5300,,10 Month Plan,SEP,2026
CANON,HOOD/HOB,CHA-BGH- 120730S-3B- B-11,"44,330",6100,,10 Month Plan,SEP,2026
CANON,HOOD/HOB,HB-935-S2,"42,930",5900,,10 Month Plan,SEP,2026
CANON,HOOD/HOB,HB-945-S2,"45,730",6300,,10 Month Plan,SEP,2026
CANON,HOOD/HOB,HB-915-G2,"45,730",6300,,10 Month Plan,SEP,2026
CANON,HOOD/HOB,CNSB-6B,"49,830",6900,,10 Month Plan,SEP,2026
CANON,HOOD/HOB,CHA-ICT1-01,"20,530",2800,,10 Month Plan,SEP,2026
CANON,HOOD/HOB,CHA-CCT1-01,"18,530",2900,,10 Month Plan,SEP,2026
CANON,HOOD/HOB,GS-2-B-700S,"9,530",1500,,10 Month Plan,SEP,2026
CANON,HOOD/HOB,CHA-CCT2-01,"27,530",3800,,10 Month Plan,SEP,2026
CANON,HOOD/HOB,CHA-GC-01,"58,630",8100,,10 Month Plan,SEP,2026
CANON,HOOD/HOB,CHA-GI-01,"61,630",8500,,10 Month Plan,SEP,2026
CANON,HOOD/HOB,CHA-CCT2-02,"65,930",9100,,10 Month Plan,SEP,2026
CANON,HOOD/HOB,CHA-CCT4-01,"92,930",12800,,10 Month Plan,SEP,2026
CANON,HOOD/HOB,CHA-ICT2-01,"71,930",9900,,10 Month Plan,SEP,2026
CANON,HOOD/HOB,CHA-ICT-02,"81,030",11200,,10 Month Plan,SEP,2026
CANON,HOOD/HOB,CHA-2GC-01,"98,530",13600,,10 Month Plan,SEP,2026
CANON,HOOD/HOB,CHA-GIC-03,"138,030",19000,,10 Month Plan,SEP,2026
CANON,HOOD/HOB,"CHA-KRH-BB22 (60/75/90CM)
(U-1)","30,830",4300,,10 Month Plan,SEP,2026
CANON,HOOD/HOB,"BB-22 (3 Speed) (60/75/90CM)
(U-1)","30,830",4300,,10 Month Plan,SEP,2026
CANON,HOOD/HOB,"CHA-KRH-BB22 i 5
(60/75/90CM) (U-1)","30,830",4300,,10 Month Plan,SEP,2026
CANON,HOOD/HOB,"CHA-KRH-BB22 i 6 (60/75/90CM)
(U-1)","30,830",4300,,10 Month Plan,SEP,2026
CANON,HOOD/HOB,"CHA-KRH-SB23
CHA-KRH-SS23 (60/75/90CM)
(U-2)","32,830",4500,,10 Month Plan,SEP,2026
CANON,HOOD/HOB,"CHA-KRH-BB23 Plus (60/75/90CM)
(U-2)","32,830",4500,,10 Month Plan,SEP,2026
CANON,HOOD/HOB,"CHA-KRH-BB CHA-KRH-SB CHA-KRH-SS 28/29/30/31/32/33 (60/75/90CM)
(U-3)","36,530",5000,,10 Month Plan,SEP,2026
CANON,HOOD/HOB,CHA-KRH-HTV- 400T/60/70,"39,930",5500,,10 Month Plan,SEP,2026
CANON,HOOD/HOB,CHA-KRH-HTV- 400T/90,"42,930",5900,,10 Month Plan,SEP,2026
CANON,HOOD/HOB,CHA-KRH-BB10 CHA-KRH-SB10 (B60IT/B75IT/B90IT),"47,530",6600,,10 Month Plan,SEP,2026
CANON,HOOD/HOB,CHA-KRH-BS11 (B60IT/B75IT/B90IT),"47,530",6600,,10 Month Plan,SEP,2026
CANON,HOOD/HOB,CHA-KRH-YZT06 (90CM),"70,030",9700,,10 Month Plan,SEP,2026
CANON,HOOD/HOB,"A502B
(90CM)","78,030",10800,,10 Month Plan,SEP,2026
CANON,HOOD/HOB,A602B (60CM),"78,630",10900,,10 Month Plan,SEP,2026
CANON,HOOD/HOB,"C1-02H
(90CM)","78,630",10900,,10 Month Plan,SEP,2026
CANON,HOOD/HOB,CHA-KRH-YZC001 (90CM),"81,030",11200,,10 Month Plan,SEP,2026
CANON,HOOD/HOB,A602B (75CM),"81,630",11300,,10 Month Plan,SEP,2026
CANON,HOOD/HOB,A602B (90CM),"84,630",11700,,10 Month Plan,SEP,2026
CANON,HOOD/HOB,CKI 9093,"162,330",22400,,10 Month Plan,SEP,2026
CANON,HOOD/HOB,CSK-5000,"36,530",5000,,10 Month Plan,SEP,2026
CANON,HOOD/HOB,CSK-6000,"36,530",5000,,10 Month Plan,SEP,2026
CANON,HOOD/HOB,T-2 900 CRH,"47,910",6600,,10 Month Plan,SEP,2026
CANON,HOOD/HOB,CNK-60T-TV,"54,430",7500,,10 Month Plan,SEP,2026
CANON,HOOD/HOB,CNK-90T-TV,"56,430",7800,,10 Month Plan,SEP,2026
CANON,HOOD/HOB,CNK-75T-TV,"56,430",7800,,10 Month Plan,SEP,2026
CANON,HOOD/HOB,CA-2092 (75/90CM),"65,530",9000,,10 Month Plan,SEP,2026
CANON,HOOD/HOB,CHA-KRH-YZT06 (90CM),"70,030",9700,,10 Month Plan,SEP,2026
CANON,HOOD/HOB,CA-902T (90CM),"81,030",11200,,10 Month Plan,SEP,2026
CHINA,Home Appliances,CNTRONIC KETTLE BK-88,"4,100",600,,10 Month Plan,SEP,2026
CHINA,Home Appliances,KETTLE DSP 0224,"3,100",500,,10 Month Plan,SEP,2026
CHINA,Home Appliances,RAF HAND MIXER R-6633,"3,500",500,,10 Month Plan,SEP,2026
CHINA,Home Appliances,RAF ROTI MAKER 1400,"10,600",1600,,10 Month Plan,SEP,2026
CHINA,Home Appliances,TOSTER SILVER CRUST CS-850,"5,000",800,,10 Month Plan,SEP,2026
DAWLANCE,Refrigerator,DMB 4467 Mini-Bar,"36,677",5000,,Rs.1000 Incentive,SEP,2026
DAWLANCE,Refrigerator,9101,"41,831",5700,,Rs.1000 Incentive,SEP,2026
DAWLANCE,Refrigerator,DSD 4890,"43,290",5900,,Rs.1000 Incentive,SEP,2026
DAWLANCE,Refrigerator,9106,"46,791",6400,,Rs.1000 Incentive,SEP,2026
DAWLANCE,Refrigerator,9140 WB E Chrome,"54,183",7400,,Rs.1000 Incentive,SEP,2026
DAWLANCE,Refrigerator,9149 WB E Chrome,"61,476",8400,,Rs.1000 Incentive,SEP,2026
DAWLANCE,Refrigerator,9173 WB E Chrome,"80,208",11000,,Rs.1000 Incentive,SEP,2026
DAWLANCE,Refrigerator,9178 WB E Chrome,"85,072",11600,,Rs.1000 Incentive,SEP,2026
DAWLANCE,Refrigerator,9140 WB M Chrome,"55,155",7500,,Rs.1000 Incentive,SEP,2026
DAWLANCE,Refrigerator,9149 WB M Chrome,"61,476",8400,,Rs.1000 Incentive,SEP,2026
DAWLANCE,Refrigerator,9140 WB Chrome FH,"60,272",8200,,Rs.1000 Incentive,SEP,2026
DAWLANCE,Refrigerator,9149 WB Chrome FH,"64,940",8900,,Rs.1000 Incentive,SEP,2026
DAWLANCE,Refrigerator,9160 WB Chrome FH,"73,985",10100,,Rs.1000 Incentive,SEP,2026
DAWLANCE,Refrigerator,9169 WB Chrome FH,"79,819",10900,,Rs.1000 Incentive,SEP,2026
DAWLANCE,Refrigerator,9173 WB Chrome FH,"81,666",11200,,Rs.1000 Incentive,SEP,2026
DAWLANCE,Refrigerator,9178 WB Chrome FH,"86,530",11800,,Rs.1000 Incentive,SEP,2026
DAWLANCE,Refrigerator,9191 WB Chrome FH,"91,392",12500,,Rs.1000 Incentive,SEP,2026
DAWLANCE,Refrigerator,9193 WB Chrome FH,"100,145",13700,,Rs.1000 Incentive,SEP,2026
DAWLANCE,Refrigerator,91999 Chrome FH,"105,007",14300,,Rs.1000 Incentive,SEP,2026
DAWLANCE,Refrigerator,9140 WB Chrome Pro,"69,218",9500,,Rs.1000 Incentive,SEP,2026
DAWLANCE,Refrigerator,9140 Chrome Pro Inv,"65,329",8900,,Rs.1000 Incentive,SEP,2026
DAWLANCE,Refrigerator,9149 WB Chrome Pro,"72,915",10000,,Rs.1000 Incentive,SEP,2026
DAWLANCE,Refrigerator,9149 Chrome Pro Inv,"73,012",10000,,Rs.1000 Incentive,SEP,2026
DAWLANCE,Refrigerator,9160 WB Chrome Pro,"80,888",11100,,Rs.1000 Incentive,SEP,2026
DAWLANCE,Refrigerator,9169 WB Chrome Pro,"82,250",11200,,Rs.1000 Incentive,SEP,2026
DAWLANCE,Refrigerator,9173 WB Chrome Pro,"86,530",11800,,Rs.1000 Incentive,SEP,2026
DAWLANCE,Refrigerator,9178 WB Chrome Pro,"91,392",12500,,Rs.1000 Incentive,SEP,2026
DAWLANCE,Refrigerator,9191 WB Chrome Pro,"96,255",13200,,Rs.1000 Incentive,SEP,2026
DAWLANCE,Refrigerator,9193 WB Chrome Pro,"104,522",14300,,Rs.1000 Incentive,SEP,2026
DAWLANCE,Refrigerator,91999 WB Chrome Pro,"114,247",15600,,Rs.1000 Incentive,SEP,2026
DAWLANCE,Refrigerator,9140WB D Solar Line,"76,027",10400,,Rs.1000 Incentive,SEP,2026
DAWLANCE,Refrigerator,9149WB D Solar Line,"81,861",11200,,Rs.1000 Incentive,SEP,2026
DAWLANCE,Refrigerator,9140 WB Avante GD,"66,788",9100,,Rs.1000 Incentive,SEP,2026
DAWLANCE,Refrigerator,9149 WB Avante GD,"72,137",9900,,Rs.1000 Incentive,SEP,2026
DAWLANCE,Refrigerator,9160 WB Avante GD,"77,971",10700,,Rs.1000 Incentive,SEP,2026
DAWLANCE,Refrigerator,9169 WB Avante GD,"84,780",11600,,Rs.1000 Incentive,SEP,2026
DAWLANCE,Refrigerator,9173 WB Avante GD,"89,933",12300,,Rs.1000 Incentive,SEP,2026
DAWLANCE,Refrigerator,9178 WB Avante GD,"95,770",13100,,Rs.1000 Incentive,SEP,2026
DAWLANCE,Refrigerator,9191 WB Avante GD,"100,631",13700,,Rs.1000 Incentive,SEP,2026
DAWLANCE,Refrigerator,9193 WB Avante GD,"106,466",14500,,Rs.1000 Incentive,SEP,2026
DAWLANCE,Refrigerator,91999 Avante GD,"115,219",15700,,Rs.1000 Incentive,SEP,2026
DAWLANCE,Refrigerator,9160LF IceMax Midnight Blue,"78,943",10800,,Rs.1000 Incentive,SEP,2026
DAWLANCE,Refrigerator,9169WB IceMax Midnight Blue,"83,320",11400,,Rs.1000 Incentive,SEP,2026
DAWLANCE,Refrigerator,9173WB IceMax Midnight Blue,"89,155",12200,,Rs.1000 Incentive,SEP,2026
DAWLANCE,Refrigerator,9178LF IceMax Midnight Blue,"94,309",12900,,Rs.1000 Incentive,SEP,2026
DAWLANCE,Refrigerator,9173WB DigitalPro Magnetic Red,"95,575",13100,,Rs.1000 Incentive,SEP,2026
DAWLANCE,Refrigerator,9178LF DigitalPro Magnetic Red,"99,659",13600,,Rs.1000 Incentive,SEP,2026
DAWLANCE,Refrigerator,9191WB  DigitalPro Magnetic Red,"105,494",14400,,Rs.1000 Incentive,SEP,2026
DAWLANCE,Refrigerator,9193LF DigitalPro Magnetic Red,"111,815",15300,,Rs.1000 Incentive,SEP,2026
DAWLANCE,Refrigerator,91999 DigitalPro Magnetic Red,"119,888",16400,,Rs.1000 Incentive,SEP,2026
DAWLANCE,Refrigerator,9173 Acce,"86,919",11900,,Rs.1000 Incentive,SEP,2026
DAWLANCE,Refrigerator,9178 Acce,"91,879",12600,,Rs.1000 Incentive,SEP,2026
DAWLANCE,Refrigerator,9191 Acce,"97,227",13300,,Rs.1000 Incentive,SEP,2026
DAWLANCE,Refrigerator,9193 Acce,"102,576",14000,,Rs.1000 Incentive,SEP,2026
DAWLANCE,Refrigerator,91999 Acce,"109,384",14900,,Rs.1000 Incentive,SEP,2026
DAWLANCE,Refrigerator,9173WB Acce Pro,"91,879",12600,,Rs.1000 Incentive,SEP,2026
DAWLANCE,Refrigerator,9178LF Acce Pro,"96,741",13200,,Rs.1000 Incentive,SEP,2026
DAWLANCE,Refrigerator,9191WB Acce Pro,"102,576",14000,,Rs.1000 Incentive,SEP,2026
DAWLANCE,Refrigerator,9193 Acce Pro,"107,439",14700,,Rs.1000 Incentive,SEP,2026
DAWLANCE,Refrigerator,91999 Acce Pro,"116,191",15900,,Rs.1000 Incentive,SEP,2026
DAWLANCE,Refrigerator,9160 WB Avante+ GD INV,"82,833",11300,,Rs.1000 Incentive,SEP,2026
DAWLANCE,Refrigerator,9169 WB Avante+ GD INV,"88,669",12100,,Rs.1000 Incentive,SEP,2026
DAWLANCE,Refrigerator,9173 WB Avante+ GD INV,"95,283",13000,,Rs.1000 Incentive,SEP,2026
DAWLANCE,Refrigerator,9178 WB Avante+ GD INV,"102,576",14000,,Rs.1000 Incentive,SEP,2026
DAWLANCE,Refrigerator,9191 WB Avante+ GD INV,"107,439",14700,,Rs.1000 Incentive,SEP,2026
DAWLANCE,Refrigerator,9193 WB Avante+ GD INV,"112,302",15300,,Rs.1000 Incentive,SEP,2026
DAWLANCE,Refrigerator,91999 Avante+ GD INV,"123,000",16800,,Rs.1000 Incentive,SEP,2026
DAWLANCE,Refrigerator,9160 Avante+ CLOUD WHITE,"87,696",12000,,Rs.1000 Incentive,SEP,2026
DAWLANCE,Refrigerator,9169 Avante+ CLOUD WHITE,"92,559",12600,,Rs.1000 Incentive,SEP,2026
DAWLANCE,Refrigerator,9173 Avante+ CLOUD WHITE,"96,255",13200,,Rs.1000 Incentive,SEP,2026
DAWLANCE,Refrigerator,9178 Avante+ CLOUD WHITE,"103,549",14100,,Rs.1000 Incentive,SEP,2026
DAWLANCE,Refrigerator,9191WB AVANTE+ CLOUD WHITE,"110,357",15100,,Rs.1000 Incentive,SEP,2026
DAWLANCE,Refrigerator,9193LF AVANTE+ CLOUD WHITE,"115,219",15700,,Rs.1000 Incentive,SEP,2026
DAWLANCE,Refrigerator,91999 AVANTE+ CLOUD WHITE,"125,916",17200,,Rs.1000 Incentive,SEP,2026
DAWLANCE,Refrigerator,9173 Graze+,"101,604",13900,,Rs.1000 Incentive,SEP,2026
DAWLANCE,Refrigerator,9178 Graze+,"106,952",14600,,Rs.1000 Incentive,SEP,2026
DAWLANCE,Refrigerator,9191 Graze+,"111,329",15200,,Rs.1000 Incentive,SEP,2026
DAWLANCE,Refrigerator,9193 Graze+,"115,219",15700,,Rs.1000 Incentive,SEP,2026
DAWLANCE,Refrigerator,9199 Graze+,"125,916",17200,,Rs.1000 Incentive,SEP,2026
DAWLANCE,AC,Chillex Inverter 15,"100,768",13800,,10 Month Plan,SEP,2026
DAWLANCE,AC,Chillex Inverter 30,"116,725",15900,,10 Month Plan,SEP,2026
DAWLANCE,AC,Aeromax Inverter 15,"101,766",13900,,10 Month Plan,SEP,2026
DAWLANCE,AC,Aeromax Inverter 30,"117,722",16100,,10 Month Plan,SEP,2026
DAWLANCE,AC,Cruise Plus Inverter 15,"100,768",13800,,10 Month Plan,SEP,2026
DAWLANCE,AC,Cruise Plus Inverter 30,"116,725",15900,,10 Month Plan,SEP,2026
DAWLANCE,AC,SPRINTER X 15 T3,"113,933",15600,,10 Month Plan,SEP,2026
DAWLANCE,AC,SPRINTER X INVERTER 30 T3,"138,166",18900,,10 Month Plan,SEP,2026
DAWLANCE,AC,INSPIRE PRO INVERTER 15 T3,"113,933",15600,,10 Month Plan,SEP,2026
DAWLANCE,AC,INSPIRE PRO INVERTER 30 T3,"138,166",18900,,10 Month Plan,SEP,2026
DAWLANCE,AC,POWERCON X 15 T3,"113,933",15600,,10 Month Plan,SEP,2026
DAWLANCE,AC,POWERCON X INVERTER 30 T3,"138,166",18900,,10 Month Plan,SEP,2026
DAWLANCE,AC,ENERCON X INVERTER 15 T3,"116,725",15900,,10 Month Plan,SEP,2026
DAWLANCE,AC,ENERCON X INVERTER 30 T3,"140,958",19300,,10 Month Plan,SEP,2026
DAWLANCE,AC,INSPIRE PRO INVERTER 15 T3,"113,933",15600,,10 Month Plan,SEP,2026
DAWLANCE,AC,INSPIRE PRO INVERTER 30 T3,"138,166",18900,,10 Month Plan,SEP,2026
DAWLANCE,AC,ATMOS COOL INVERTER 15 T3,"113,933",15600,,10 Month Plan,SEP,2026
DAWLANCE,AC,ATMOS COOL INVERTER 30 T3,"138,166",18900,,10 Month Plan,SEP,2026
DAWLANCE,AC,Dual Pro T3 Inverter 15,"120,415",16500,,10 Month Plan,SEP,2026
DAWLANCE,AC,Dual Pro T3 Inverter 30,"156,018",21300,,10 Month Plan,SEP,2026
DAWLANCE,AC,Dual Pro T3 Inverter 45,"189,227",25900,,10 Month Plan,SEP,2026
DAWLANCE,AC,Suave+ Inverter 30 White,"122,908",16800,,10 Month Plan,SEP,2026
DAWLANCE,AC,ECONO+ X INVERTER 15,"111,939",15300,,10 Month Plan,SEP,2026
DAWLANCE,AC,ECONO+ X INVERTER 30,"144,350",19700,,10 Month Plan,SEP,2026
DAWLANCE,AC,AURA X INVERTER 15,"114,929",15700,,10 Month Plan,SEP,2026
DAWLANCE,AC,AURA X INVERTER 30,"145,347",19900,,10 Month Plan,SEP,2026
DAWLANCE,AC,ELEGANCE X INVERTER 15,"114,929",15700,,10 Month Plan,SEP,2026
DAWLANCE,AC,ELEGANCE X INVERTER 30,"145,846",19900,,10 Month Plan,SEP,2026
DAWLANCE,AC,MAGNA INVERTER 30 (White),"155,818",21300,,10 Month Plan,SEP,2026
DAWLANCE,AC,Magna T3 Inverter 30,"159,309",21800,,10 Month Plan,SEP,2026
DAWLANCE,AC,ELEGANCE PRO INVERTER 15,"118,420",16200,,10 Month Plan,SEP,2026
DAWLANCE,AC,ELEGANCE PRO INVERTER 30,"153,325",20900,,10 Month Plan,SEP,2026
DAWLANCE,AC,Mega Flex Inverter 15 Dawlance,"118,420",16200,,10 Month Plan,SEP,2026
DAWLANCE,AC,Mega Flex Inverter 30 Dawlance,"152,128",20800,,10 Month Plan,SEP,2026
DAWLANCE,AC,"Mega Flex Inv 15 (BLACK, CHAMP, SILVER)","120,415",16500,,10 Month Plan,SEP,2026
DAWLANCE,AC,"Mega Flex Inv 30 (BLACK, CHAMP, SILVER)","154,921",21200,,10 Month Plan,SEP,2026
DAWLANCE,AC,Prima PurSense Inverter 30,"157,414",21500,,10 Month Plan,SEP,2026
DAWLANCE,AC,Chrome T3 Inverter 30 White,"145,347",19900,,10 Month Plan,SEP,2026
DAWLANCE,AC,Chrome Pro Inventer 30,"151,032",20600,,10 Month Plan,SEP,2026
DAWLANCE,AC,Chrome Pro T3 Inverter 30,"152,328",20800,,10 Month Plan,SEP,2026
DAWLANCE,AC,HYPER T3 INVERTER 30 (White),"159,309",21800,,10 Month Plan,SEP,2026
DAWLANCE,AC,HYPER T3 INVERTER 30 (Matt Silver),"161,803",22100,,10 Month Plan,SEP,2026
DAWLANCE,AC,Extreme 30,"126,398",17300,,10 Month Plan,SEP,2026
DAWLANCE,AC,Frost 30 INV WHITE (COOL ONLY),"127,097",17400,,10 Month Plan,SEP,2026
DAWLANCE,AC,Glacier Pro T3 45,"243,580",33300,,10 Month Plan,SEP,2026
DAWLANCE,AC,GLAMOUR INVERTER 45 FS,"241,884",33000,,10 Month Plan,SEP,2026
DAWLANCE,AC,GALLANT FS INVERTER 45,"259,337",35400,,10 Month Plan,SEP,2026
DAWLANCE,Deep Freezer,DF-200 ES,"64,989",9000,,10 Month Plan,SEP,2026
DAWLANCE,Deep Freezer,DF-200 SD Inverter,"69,677",9700,,10 Month Plan,SEP,2026
DAWLANCE,Deep Freezer,DF-200 D Solar Line,"81,196",11300,,10 Month Plan,SEP,2026
DAWLANCE,Deep Freezer,DF-300 ES,"70,574",9800,,10 Month Plan,SEP,2026
DAWLANCE,Deep Freezer,DF-300 Inverter,"76,160",10600,,10 Month Plan,SEP,2026
DAWLANCE,Deep Freezer,DF-400 ES,"75,662",10500,,10 Month Plan,SEP,2026
DAWLANCE,Deep Freezer,DF-400 EDS,"78,154",10800,,10 Month Plan,SEP,2026
DAWLANCE,Deep Freezer,DF-400 Inverter,"82,342",11400,,10 Month Plan,SEP,2026
DAWLANCE,Deep Freezer,DF-400 Commerical,"95,258",13200,,10 Month Plan,SEP,2026
DAWLANCE,Deep Freezer,DF-500 DD,"89,424",12400,,10 Month Plan,SEP,2026
DAWLANCE,Deep Freezer,DF-500 DD Inverter,"101,889",14100,,10 Month Plan,SEP,2026
DAWLANCE,Deep Freezer,91997-H Signature LVS,"90,072",12500,,10 Month Plan,SEP,2026
DAWLANCE,Deep Freezer,91998-H Signature LVS,"94,162",13100,,10 Month Plan,SEP,2026
DAWLANCE,Deep Freezer,91997-H Signature Inverter,"97,152",13500,,10 Month Plan,SEP,2026
DAWLANCE,Deep Freezer,91998-H Signature Inverter,"101,741",14100,,10 Month Plan,SEP,2026
DAWLANCE,Deep Freezer,91997-H Convertible LVS,"99,246",13800,,10 Month Plan,SEP,2026
DAWLANCE,Deep Freezer,91998-H Convertible LVS,"102,239",14200,,10 Month Plan,SEP,2026
DAWLANCE,Deep Freezer,91998-H Signature Inverter GD,"111,713",15500,,10 Month Plan,SEP,2026
DAWLANCE,Water Dispenser,VF-1035WB GD,"97,252",13500,,10 Month Plan,SEP,2026
DAWLANCE,Water Dispenser,VF 1035WB GD INV,"103,336",14300,,10 Month Plan,SEP,2026
DAWLANCE,Water Dispenser,WD 1060 White,"37,018",5100,,10 Month Plan,SEP,2026
DAWLANCE,Water Dispenser,WD 1060,"40,609",5600,,10 Month Plan,SEP,2026
DAWLANCE,Water Dispenser,WD- 1051 CN GREY,"35,223",4900,,10 Month Plan,SEP,2026
DAWLANCE,Water Dispenser,WD- 1051 HC WHITE,"38,515",5300,,10 Month Plan,SEP,2026
DAWLANCE,Water Dispenser,WD 1051 GD,"42,304",5900,,10 Month Plan,SEP,2026
DAWLANCE,Water Dispenser,WD-1051 CLOUD WHITE,"43,501",6000,,10 Month Plan,SEP,2026
DAWLANCE,Water Dispenser,DBD-1034 Bottom Load,"42,903",5900,,10 Month Plan,SEP,2026
DAWLANCE,Water Dispenser,DBD-1035 Glass Door,"48,987",6800,,10 Month Plan,SEP,2026
DAWLANCE,LED,"KORE HD GOOGLE TV 32""","43,916",6100,,10 Month Plan,SEP,2026
DAWLANCE,LED,"KORE FHD GOOGLE TV 40""","58,676",8100,,10 Month Plan,SEP,2026
DAWLANCE,LED,"KORE FHD GOOGLE TV 43""","67,153",9300,,10 Month Plan,SEP,2026
DAWLANCE,LED,"Kore QLED HD Google TV 32""","48,292",6700,,10 Month Plan,SEP,2026
DAWLANCE,LED,"Kore QLED FHD Google TV 40""","64,149",8900,,10 Month Plan,SEP,2026
DAWLANCE,LED,"Kore QLED FHD Google TV 43""","73,323",10200,,10 Month Plan,SEP,2026
DAWLANCE,LED,"Canvas X UHD Google TV 50""","84,767",11700,,10 Month Plan,SEP,2026
DAWLANCE,LED,"Canvas X UHD Google TV 55""","97,731",13500,,10 Month Plan,SEP,2026
DAWLANCE,LED,"Canvas X UHD Google TV 65""","148,992",20700,,10 Month Plan,SEP,2026
DAWLANCE,LED,"PRISMAX QLED GOOGLE TV 50""","84,755",11700,,10 Month Plan,SEP,2026
DAWLANCE,LED,"PRISMAX QLED GOOGLE TV 55""","102,705",14200,,10 Month Plan,SEP,2026
DAWLANCE,LED,"PRISMAX QLED GOOGLE TV 65""","148,182",20500,,10 Month Plan,SEP,2026
DAWLANCE,LED,"APOLLO 144HZ QLED GOOGLE TV 55""","114,162",15800,,10 Month Plan,SEP,2026
DAWLANCE,LED,"APOLLO 144HZ QLED GOOGLE TV 65""","168,015",23300,,10 Month Plan,SEP,2026
DAWLANCE,LED,Delta 55- QLED Dawlance,"147,208",20400,,10 Month Plan,SEP,2026
DAWLANCE,LED,Delta 65- QLED Dawlance,"210,735",29200,,10 Month Plan,SEP,2026
DAWLANCE,LED,Delta 75 SE - 4K UHD Dawlance,"275,957",38300,,10 Month Plan,SEP,2026
DAWLANCE,LED,Echo 65- OLED Dawlance,"375,387",52000,,10 Month Plan,SEP,2026
DAWLANCE,LED,32E3A HD,"40,426",5600,,10 Month Plan,SEP,2026
DAWLANCE,LED,32E22 - 2K,"49,502",6900,,10 Month Plan,SEP,2026
DAWLANCE,LED,40E22 - 2K,"66,156",9200,,10 Month Plan,SEP,2026
DAWLANCE,LED,43E22 - 2K,"74,135",10300,,10 Month Plan,SEP,2026
DAWLANCE,LED,43E3A FHD,"59,973",8300,,10 Month Plan,SEP,2026
DAWLANCE,LED,43G22,"77,126",10700,,10 Month Plan,SEP,2026
DAWLANCE,LED,43G3AP UHD 4K,"75,830",10500,,10 Month Plan,SEP,2026
DAWLANCE,LED,50G22 - 4K UHD,"98,368",13600,,10 Month Plan,SEP,2026
DAWLANCE,LED,50G3AP UHD 4K,"99,764",13800,,10 Month Plan,SEP,2026
DAWLANCE,LED,55G22 - 4K UDH,"112,430",15600,,10 Month Plan,SEP,2026
DAWLANCE,LED,65G22 - 4K UHD,"169,873",23500,,10 Month Plan,SEP,2026
DAWLANCE,Washing Machine,AWM DWT 255 ES,"52,257",7200,,10 Month Plan,SEP,2026
DAWLANCE,Washing Machine,DWT 9060 EZ,"51,475",7100,,10 Month Plan,SEP,2026
DAWLANCE,Washing Machine,DWT 9540,"60,267",8400,,10 Month Plan,SEP,2026
DAWLANCE,Washing Machine,DWT 9560,"66,130",9200,,10 Month Plan,SEP,2026
DAWLANCE,Washing Machine,DWT-11467 ES,"63,980",8900,,10 Month Plan,SEP,2026
DAWLANCE,Washing Machine,AWM 1167 FLP,"68,570",9500,,10 Month Plan,SEP,2026
DAWLANCE,Washing Machine,DWT 260 C LVS+,"71,210",9900,,10 Month Plan,SEP,2026
DAWLANCE,Washing Machine,DWT 1165 PL,"74,238",10300,,10 Month Plan,SEP,2026
DAWLANCE,Washing Machine,DWT 1167 FLT,"75,215",10400,,10 Month Plan,SEP,2026
DAWLANCE,Washing Machine,DWT 1006 Mystic Grey,"76,876",10700,,10 Month Plan,SEP,2026
DAWLANCE,Washing Machine,DWT 1166 ADS+,"83,130",11500,,10 Month Plan,SEP,2026
DAWLANCE,Washing Machine,DWT 1016 DDM INV PRIMA,"89,772",12400,,10 Month Plan,SEP,2026
DAWLANCE,Washing Machine,DWT-1471 FLP,"79,221",11000,,10 Month Plan,SEP,2026
DAWLANCE,Washing Machine,DWT 270 LVS+,"81,370",11300,,10 Month Plan,SEP,2026
DAWLANCE,Washing Machine,DWT 14470 ES,"84,106",11700,,10 Month Plan,SEP,2026
DAWLANCE,Washing Machine,DWT 1470 PL,"85,083",11800,,10 Month Plan,SEP,2026
DAWLANCE,Washing Machine,DWT-14711 FLT,"87,427",12100,,10 Month Plan,SEP,2026
DAWLANCE,Washing Machine,DWT 1580 INV C Glow,"116,247",16100,,10 Month Plan,SEP,2026
DAWLANCE,Washing Machine,DWT 1776 FLT,"122,208",16900,,10 Month Plan,SEP,2026
DAWLANCE,Washing Machine,DWT-1775,"122,500",17000,,10 Month Plan,SEP,2026
DAWLANCE,Washing Machine,DWF-7120,"104,233",14400,,10 Month Plan,SEP,2026
DAWLANCE,Washing Machine,DWF 7310 INV Manhattan Grey,"113,512",15700,,10 Month Plan,SEP,2026
DAWLANCE,Washing Machine,DWF 7200 X INV,"124,651",17300,,10 Month Plan,SEP,2026
DAWLANCE,Washing Machine,DWF 8201 S INV,"126,897",17600,,10 Month Plan,SEP,2026
DAWLANCE,Washing Machine,DWF-8120,"133,542",18500,,10 Month Plan,SEP,2026
DAWLANCE,Washing Machine,DWF 8200 X INV,"136,960",19000,,10 Month Plan,SEP,2026
DAWLANCE,Washing Machine,DW 6000,"18,993",2900,,10 Month Plan,SEP,2026
DAWLANCE,Washing Machine,DS 6080,"19,379",3000,,10 Month Plan,SEP,2026
DAWLANCE,Washing Machine,DW 7200 W FL,"23,481",3300,,10 Month Plan,SEP,2026
DAWLANCE,Washing Machine,DW 7200 C FL,"24,835",3400,,10 Month Plan,SEP,2026
DAWLANCE,Washing Machine,DW 6100 W,"24,158",3300,,10 Month Plan,SEP,2026
DAWLANCE,Washing Machine,DW 6100 Advanco,"24,641",3400,,10 Month Plan,SEP,2026
DAWLANCE,Washing Machine,DS-9000 White Lid,"26,631",3700,,10 Month Plan,SEP,2026
DAWLANCE,Washing Machine,DW 9200 WFL,"30,055",4200,,10 Month Plan,SEP,2026
DAWLANCE,Washing Machine,DW 9200 CFL,"30,734",4300,,10 Month Plan,SEP,2026
DAWLANCE,Washing Machine,DW 9100 Advanco,"31,313",4300,,10 Month Plan,SEP,2026
DAWLANCE,Washing Machine,DW 9100 G,"32,667",4500,,10 Month Plan,SEP,2026
DAWLANCE,Washing Machine,DW 6570,"30,052",4200,,10 Month Plan,SEP,2026
DAWLANCE,Washing Machine,DW-6550W,"34,887",4800,,10 Month Plan,SEP,2026
DAWLANCE,Washing Machine,DW-6550 Advanco,"36,722",5100,,10 Month Plan,SEP,2026
DAWLANCE,Washing Machine,DW-6580 W FL,"35,080",4900,,10 Month Plan,SEP,2026
DAWLANCE,Washing Machine,DW-6580 C FL,"37,496",5200,,10 Month Plan,SEP,2026
DAWLANCE,Washing Machine,DW 8550 CB FL,"38,367",5300,,10 Month Plan,SEP,2026
DAWLANCE,Washing Machine,DW-7500 Advanco,"41,268",5700,,10 Month Plan,SEP,2026
DAWLANCE,Washing Machine,DW-7500 G,"42,716",5900,,10 Month Plan,SEP,2026
DAWLANCE,Washing Machine,DW-10500 Advanco,"47,552",6600,,10 Month Plan,SEP,2026
DAWLANCE,Washing Machine,DW-10600 W FL,"46,488",6400,,10 Month Plan,SEP,2026
DAWLANCE,Washing Machine,DW 10600 C FL,"48,615",6700,,10 Month Plan,SEP,2026
DAWLANCE,Oven,MD 15,"15,076",2300,,10 Month Plan,SEP,2026
DAWLANCE,Oven,DW 220 S,"16,271",2500,,10 Month Plan,SEP,2026
DAWLANCE,Oven,DW-210 SOLO WHITE,"16,420",2500,,10 Month Plan,SEP,2026
DAWLANCE,Oven,MD 20 INV,"16,373",2500,,10 Month Plan,SEP,2026
DAWLANCE,Oven,MD-4 N,"15,924",2400,,10 Month Plan,SEP,2026
DAWLANCE,Oven,MD-4 BLACK,"16,373",2500,,10 Month Plan,SEP,2026
DAWLANCE,Oven,DW-210 S PRO,"16,968",2600,,10 Month Plan,SEP,2026
DAWLANCE,Oven,MD-10,"16,078",2500,,10 Month Plan,SEP,2026
DAWLANCE,Oven,MD-7,"16,178",2500,,10 Month Plan,SEP,2026
DAWLANCE,Oven,DW-295,"18,364",2800,,10 Month Plan,SEP,2026
DAWLANCE,Oven,DW-297 GSS,"22,055",3100,,10 Month Plan,SEP,2026
DAWLANCE,Oven,DW-299DS,"23,700",3300,,10 Month Plan,SEP,2026
DAWLANCE,Oven,DW-374,"24,797",3400,,10 Month Plan,SEP,2026
DAWLANCE,Oven,DW-330DS,"28,088",3900,,10 Month Plan,SEP,2026
DAWLANCE,Oven,DW-393 GSS,"29,683",4100,,10 Month Plan,SEP,2026
DAWLANCE,Oven,DW-132 S,"30,582",4200,,10 Month Plan,SEP,2026
DAWLANCE,Oven,DW 395 HCG,"27,241",3800,,10 Month Plan,SEP,2026
DAWLANCE,Oven,DW-128G,"33,075",4600,,10 Month Plan,SEP,2026
DAWLANCE,Oven,DW-136G,"34,172",4700,,10 Month Plan,SEP,2026
DAWLANCE,Oven,DW-133 G,"34,870",4800,,10 Month Plan,SEP,2026
DAWLANCE,Oven,DW-131HP,"35,668",4900,,10 Month Plan,SEP,2026
DAWLANCE,Oven,DW-115 CHZP,"38,161",5300,,10 Month Plan,SEP,2026
DAWLANCE,Oven,DW-142HZP,"41,752",5800,,10 Month Plan,SEP,2026
DAWLANCE,Oven,DW-525AF,"40,654",5600,,10 Month Plan,SEP,2026
DAWLANCE,Oven,DW 530 AF,"41,552",5800,,10 Month Plan,SEP,2026
DAWLANCE,Oven,DW-162HZP,"44,744",6200,,10 Month Plan,SEP,2026
DAWLANCE,Oven,DW-550 AF,"46,239",6400,,10 Month Plan,SEP,2026
DAWLANCE,Oven,DW 560 INV,"55,314",7700,,10 Month Plan,SEP,2026
DAWLANCE,Home Appliances,Air Fryer DWAF 3374 B,"36,648",5100,,10 Month Plan,SEP,2026
DAWLANCE,Home Appliances,Air Fryer DWAF 6321 L,"21,678",3000,,10 Month Plan,SEP,2026
DAWLANCE,Home Appliances,Air Fryer DWAF 6322 D,"26,948",3700,,10 Month Plan,SEP,2026
DAWLANCE,Home Appliances,Citrus Press DWCJ-8030 I,"6,502",1000,,10 Month Plan,SEP,2026
DAWLANCE,Home Appliances,Coffee Maker DWCM 5304,"49,959",6900,,10 Month Plan,SEP,2026
DAWLANCE,Home Appliances,Drum Vacuum DWVC-7500,"27,813",3900,,10 Month Plan,SEP,2026
DAWLANCE,Home Appliances,Dry Irom DWDI 1020 Black & White,"7,638",1200,,10 Month Plan,SEP,2026
DAWLANCE,Home Appliances,Electric Kettle DWEK 4215 White,"7,413",1100,,10 Month Plan,SEP,2026
DAWLANCE,Home Appliances,Electric Kettle DWEK-7100,"6,787",1000,,10 Month Plan,SEP,2026
DAWLANCE,Home Appliances,Electric Kettle DWEK-7200,"7,922",1200,,10 Month Plan,SEP,2026
DAWLANCE,Home Appliances,Electric Kettle DWEK-7210,"7,165",1100,,10 Month Plan,SEP,2026
DAWLANCE,Home Appliances,Electric Oven DWMO 4520 CR,"29,247",4100,,10 Month Plan,SEP,2026
DAWLANCE,Home Appliances,Electric Oven DWMO 5222 CR,"32,091",4400,,10 Month Plan,SEP,2026
DAWLANCE,Home Appliances,Food Processor DWFP 8270 B,"16,158",2500,,10 Month Plan,SEP,2026
DAWLANCE,Home Appliances,Food Processor DWFP-5240 W,"13,036",2000,,10 Month Plan,SEP,2026
DAWLANCE,Home Appliances,Garment Steamer DWGS-2316,"11,236",1700,,10 Month Plan,SEP,2026
DAWLANCE,Home Appliances,Hair Dryer DWHD 7082,"7,354",1100,,10 Month Plan,SEP,2026
DAWLANCE,Home Appliances,Hair Straightener DWHS 7030,"9,247",1400,,10 Month Plan,SEP,2026
DAWLANCE,Home Appliances,Hair Straightener DWHS 7033,"7,732",1200,,10 Month Plan,SEP,2026
DAWLANCE,Home Appliances,Hand Blender DWHB - 475 W,"8,042",1200,,10 Month Plan,SEP,2026
DAWLANCE,Home Appliances,Hand Blender DWHB-875,"10,478",1600,,10 Month Plan,SEP,2026
DAWLANCE,Home Appliances,Hand Blender DWHB 81762 BX,"15,838",2400,,10 Month Plan,SEP,2026
DAWLANCE,Home Appliances,Hard Juicer DWHJ 4002 B,"10,093",1500,,10 Month Plan,SEP,2026
DAWLANCE,Home Appliances,Hard Juicer DWHJ 8002 I,"17,061",2600,,10 Month Plan,SEP,2026
DAWLANCE,Home Appliances,Hot Plate DWHP 3021,"9,620",1500,,10 Month Plan,SEP,2026
DAWLANCE,Home Appliances,MEAT MINCER DWMM-6001 W,"13,245",2000,,10 Month Plan,SEP,2026
DAWLANCE,Home Appliances,Mens Trimmer DWMC 8030- ZEUS,"9,107",1400,,10 Month Plan,SEP,2026
DAWLANCE,Home Appliances,Mens Shaver DWMS 6240,"8,155",1300,,10 Month Plan,SEP,2026
DAWLANCE,Home Appliances,Mens Trimmer DWMC 9030-ZEUS,"10,231",1600,,10 Month Plan,SEP,2026
DAWLANCE,Home Appliances,Mens Grooming Kit DWMGK 9030 - ZEUS,"12,738",2000,,10 Month Plan,SEP,2026
DAWLANCE,Home Appliances,Sandwich Maker DWSM 2971,"8,963",1400,,10 Month Plan,SEP,2026
DAWLANCE,Home Appliances,Steam Iron DWSI 2322 CX,"7,234",1100,,10 Month Plan,SEP,2026
DAWLANCE,Home Appliances,Steam Iron DWSI 3122,"9,522",1500,,10 Month Plan,SEP,2026
DAWLANCE,Home Appliances,Steam Iron DWSI 3122 T,"9,242",1400,,10 Month Plan,SEP,2026
DAWLANCE,Home Appliances,Table Blender DWTB-510 W,"10,215",1600,,10 Month Plan,SEP,2026
DAWLANCE,Home Appliances,Table Blender DWTB-520 B,"10,404",1600,,10 Month Plan,SEP,2026
DAWLANCE,Home Appliances,Table Blender DWTB-620 I,"11,709",1800,,10 Month Plan,SEP,2026
DAWLANCE,Home Appliances,Toaster DWT 4220 W,"7,307",1100,,10 Month Plan,SEP,2026
DAWLANCE,Home Appliances,Vacuum Cleaner DWVC6724,"27,237",3800,,10 Month Plan,SEP,2026
DAWLANCE,Home Appliances,Vacuum Cleaner DWVC770,"17,580",2400,,10 Month Plan,SEP,2026
DAWLANCE,Home Appliances,Vacuum Cleaner DWVC 70322 WI,"30,384",4200,,10 Month Plan,SEP,2026
DAWLANCE,Home Appliances,DWAP-400 FS DAWLANCE,"27,283",3800,,10 Month Plan,SEP,2026
DAWLANCE,Home Appliances,DDW 868 CT B,"80,517",11200,,10 Month Plan,SEP,2026
DAWLANCE,Home Appliances,DDW 1470 GB INV,"180,544",25000,,10 Month Plan,SEP,2026
DAWLANCE,Home Appliances,DDW 1471 I INV,"165,984",23000,,10 Month Plan,SEP,2026
DAWLANCE,Home Appliances,DDW 14952 S INV,"151,623",21000,,10 Month Plan,SEP,2026
DAWLANCE,HOOD/HOB,HOBS DHG 390 BN A SERIES,"39,429",5500,,10 Month Plan,SEP,2026
DAWLANCE,HOOD/HOB,HOBS DHM 390 SN A SERIES,"41,124",5700,,10 Month Plan,SEP,2026
DAWLANCE,HOOD/HOB,HOBS DHG 590 BI A SERIES,"54,588",7600,,10 Month Plan,SEP,2026
DAWLANCE,HOOD/HOB,HOBS DHM 590 SI A SERIES,"56,682",7900,,10 Month Plan,SEP,2026
DAWLANCE,HOOD/HOB,HOOD DCB 7530 B,"32,448",4500,,10 Month Plan,SEP,2026
DAWLANCE,HOOD/HOB,HOOD DCT 9030 S,"33,944",4700,,10 Month Plan,SEP,2026
DEURON,Home Appliances,Blender Deuron GL115,"6,600",1000,,10 Month Plan,SEP,2026
DEURON,Home Appliances,DEURON CITRUS JUICER DN-1405,"7,500",1200,,10 Month Plan,SEP,2026
DEURON,Home Appliances,DEURON HAND MIXER DN-1502,"8,000",1200,,10 Month Plan,SEP,2026
DEURON,Home Appliances,Deuron Heavy Blander 2IN1 GL-118,"7,100",1100,,10 Month Plan,SEP,2026
DEURON,Home Appliances,Deuron Iron GL-211,"7,100",1100,,10 Month Plan,SEP,2026
DEURON,Home Appliances,Deuron Iron GL-213,"7,000",1100,,10 Month Plan,SEP,2026
DEURON,Home Appliances,DEURON JUICER 3IN1 DN-412,"11,300",1800,,10 Month Plan,SEP,2026
DEURON,Home Appliances,Deuron Juicer 4IN1 GL-404,"13,000",2000,,10 Month Plan,SEP,2026
DEURON,Home Appliances,Deuron Kettle DN-509 Metal,"6,000",900,,10 Month Plan,SEP,2026
DEURON,Home Appliances,Deuron Kettle DN-522,"6,000",900,,10 Month Plan,SEP,2026
DEURON,Home Appliances,DEURON TOSTER DN-704,"8,900",1400,,10 Month Plan,SEP,2026
DEURON,Home Appliances,Electric Kettle Deuron DN-523,"5,900",900,,10 Month Plan,SEP,2026
DEURON,Home Appliances,Electric Kettle Deuron DN-524,"5,800",900,,10 Month Plan,SEP,2026
DEURON,Home Appliances,Food Factory Deuron DN913,"15,800",2400,,10 Month Plan,SEP,2026
DEURON,Home Appliances,Hand Blender Deuron DN-1105,"7,800",1200,,10 Month Plan,SEP,2026
DEURON,Home Appliances,Hand Blender Deuron DN-1107,"8,200",1300,,10 Month Plan,SEP,2026
DEURON,Home Appliances,JUICER BLANDER 2IN1 GL-105,"6,500",1000,,10 Month Plan,SEP,2026
DEURON,Home Appliances,Juicer Deuron 3in1 GL-401,"11,700",1800,,10 Month Plan,SEP,2026
DEURON,Home Appliances,Sandwich Maker Deuron DN-324,"6,100",900,,10 Month Plan,SEP,2026
DEURON,Home Appliances,Sandwich Maker Deuron DN-325,"6,100",900,,10 Month Plan,SEP,2026
ENVIRO,Home Appliances,ENVIRO EI-178 JBG JUICER,"13,000",2000,,10 Month Plan,SEP,2026
ENVIRO,Home Appliances,ENVIRO ERC-MF5120 5L (RICE COOKER),"12,200",1900,,10 Month Plan,SEP,2026
ENVIRO,Home Appliances,ENVIRO HEAVY IRON EHI-3000,"5,400",800,,10 Month Plan,SEP,2026
ENVIRO,Home Appliances,ENVIRO SDA 3IN1 JUICER-ENJ-303,"12,200",1900,,10 Month Plan,SEP,2026
ENVIRO,Home Appliances,ENVIRO TOSTER TA-8111,"6,000",900,,10 Month Plan,SEP,2026
GREE/ECOSTAR,AC,GS-12CM12 ( Fixed Speed ),"109,943",14800,,10 Month Plan,SEP,2026
GREE/ECOSTAR,AC,GS-12PIT10W,"110,314",14900,,10 Month Plan,SEP,2026
GREE/ECOSTAR,AC,GS-12PITC12W ( Cool only) T3,"130,734",17600,,10 Month Plan,SEP,2026
GREE/ECOSTAR,AC,GS-12PITH11W,"113,099",15300,,10 Month Plan,SEP,2026
GREE/ECOSTAR,AC,GS-12PITH15W/17/(T3),"135,375",18300,,10 Month Plan,SEP,2026
GREE/ECOSTAR,AC,GS-12PITH11G /11S,"115,883",15600,,10 Month Plan,SEP,2026
GREE/ECOSTAR,AC,GS-12PITH15G /17/ (T3),"138,159",18700,,10 Month Plan,SEP,2026
GREE/ECOSTAR,AC,GS-12AITH 24W /S  ( T3 ),"179,926",24300,,10 Month Plan,SEP,2026
GREE/ECOSTAR,AC,GS-12AITH21W / B (T3),"153,938",20800,,10 Month Plan,SEP,2026
GREE/ECOSTAR,AC,GS-12ZITH1W/2W/3W,"140,016",18900,,10 Month Plan,SEP,2026
GREE/ECOSTAR,AC,GS-18CM12 ( Fixed Speed ),"137,789",18600,,10 Month Plan,SEP,2026
GREE/ECOSTAR,AC,GS-18PIT10W,"138,159",18700,,10 Month Plan,SEP,2026
GREE/ECOSTAR,AC,GS-18PITC12W ( Cool only) T3,"158,578",21400,,10 Month Plan,SEP,2026
GREE/ECOSTAR,AC,GS-18PITH11W,"140,943",19000,,10 Month Plan,SEP,2026
GREE/ECOSTAR,AC,GS-18PITH15W/17/ (T3),"163,219",22000,,10 Month Plan,SEP,2026
GREE/ECOSTAR,AC,GS-18PITH11G /11S,"143,729",19400,,10 Month Plan,SEP,2026
GREE/ECOSTAR,AC,GS-18PITH15G /17/ (T3),"166,003",22400,,10 Month Plan,SEP,2026
GREE/ECOSTAR,AC,GS-18AITH24W/S (T3),"235,615",31800,,10 Month Plan,SEP,2026
GREE/ECOSTAR,AC,GS-18AITH21W / B (T3),"191,065",25800,,10 Month Plan,SEP,2026
GREE/ECOSTAR,AC,GS-18ZITH1W/2W/3W,"172,501",23300,,10 Month Plan,SEP,2026
GREE/ECOSTAR,AC,GS-24CM12 ( Fixed Speed ),"209,627",28300,,10 Month Plan,SEP,2026
GREE/ECOSTAR,AC,GS-24PIT10W,"208,698",28200,,10 Month Plan,SEP,2026
GREE/ECOSTAR,AC,GS-24PITC12W ( Cool only) T3,"223,549",30200,,10 Month Plan,SEP,2026
GREE/ECOSTAR,AC,GS-24PITH11W,"212,412",28700,,10 Month Plan,SEP,2026
GREE/ECOSTAR,AC,GS-24PITH15W/17/ (T3),"228,189",30800,,10 Month Plan,SEP,2026
GREE/ECOSTAR,AC,GS-24PITH11G/11S,"215,196",29100,,10 Month Plan,SEP,2026
GREE/ECOSTAR,AC,GS-24PITH15G/17/ (T3),"230,974",31200,,10 Month Plan,SEP,2026
GREE/ECOSTAR,AC,GS-24FITH6C/6S/6G,"249,537",33700,,10 Month Plan,SEP,2026
GREE/ECOSTAR,AC,GS-24FITH1C/1S/2W/3W,"263,459",35600,,10 Month Plan,SEP,2026
GREE/ECOSTAR,AC,GS-24AITH21W / B (T3),"244,897",33100,,10 Month Plan,SEP,2026
GREE/ECOSTAR,AC,GS-24ZITH1W/2W/3W,"232,830",31400,,10 Month Plan,SEP,2026
GREE/ECOSTAR,AC,GS-24AITH24W/S/ (T3),"272,740",36800,,10 Month Plan,SEP,2026
GREE/ECOSTAR,AC,GF-24TF AA+,"257,983",34800,,10 Month Plan,SEP,2026
GREE/ECOSTAR,AC,GF-24TFIH ( T3),"295,109",39800,,10 Month Plan,SEP,2026
GREE/ECOSTAR,AC,GF-24VITH  ( T3 ),"369,361",49900,,10 Month Plan,SEP,2026
GREE/ECOSTAR,AC,GF-36TFIH,"415,768",56100,,10 Month Plan,SEP,2026
GREE/ECOSTAR,AC,GF-36TFIH ( T3 ),"425,050",57400,,10 Month Plan,SEP,2026
GREE/ECOSTAR,AC,GF-48TF,"508,584",68700,,10 Month Plan,SEP,2026
GREE/ECOSTAR,AC,GF-48TFIH,"563,344",76100,,10 Month Plan,SEP,2026
GREE/ECOSTAR,AC,GF-48TFIH ( T3 ),"574,483",77600,,10 Month Plan,SEP,2026
GREE/ECOSTAR,AC,GF-24ISH,"369,361",49900,,10 Month Plan,SEP,2026
GREE/ECOSTAR,AC,GF-24ISH ( T3 ),"377,716",51000,,10 Month Plan,SEP,2026
GREE/ECOSTAR,AC,ES-12DU01 / 02  Black / Grey,"104,153",13500,,10 Month Plan,SEP,2026
GREE/ECOSTAR,AC,ES-18DU01 / 02 Black / Grey,"121,788",15800,,10 Month Plan,SEP,2026
GREE/ECOSTAR,AC,ES-24DU01 / 02 Black / Grey,"180,262",23400,,10 Month Plan,SEP,2026
GREE/ECOSTAR,AC,ES-12DU01 / 12EM01 / 02,"101,461",13200,,10 Month Plan,SEP,2026
GREE/ECOSTAR,AC,ES-18DU01 / 18EM01 / 02,"119,097",15500,,10 Month Plan,SEP,2026
GREE/ECOSTAR,AC,ES-24DU01 / 18EM01 / 02,"177,570",23100,,10 Month Plan,SEP,2026
GREE/ECOSTAR,AC,10EMC1WS,"91,252",12300,,10 Month Plan,SEP,2026
GREE/ECOSTAR,AC,12EMC1WS,"96,821",13100,,10 Month Plan,SEP,2026
GREE/ECOSTAR,AC,18EMC1WS,"115,383",15600,,10 Month Plan,SEP,2026
GREE/ECOSTAR,AC,ES-12PR02W ( T3 ),"119,097",16100,,10 Month Plan,SEP,2026
GREE/ECOSTAR,AC,ES-18PR02W ( T3 ),"156,222",21100,,10 Month Plan,SEP,2026
GREE/ECOSTAR,AC,ES-24PR02W ( T3 ),"198,918",26900,,10 Month Plan,SEP,2026
GREE/ECOSTAR,AC,ES-12AR01 / 12NV01 ( T3 ),"109,814",14800,,10 Month Plan,SEP,2026
GREE/ECOSTAR,AC,ES-18AR01 / 18NV01 ( T3 ),"136,731",18500,,10 Month Plan,SEP,2026
GREE/ECOSTAR,AC,ES-24AR01 / 24NV01 ( T3 ),"184,067",24800,,10 Month Plan,SEP,2026
GREE/ECOSTAR,AC,12AR02 / 12NV02 ( T3 ),"119,097",16100,,10 Month Plan,SEP,2026
GREE/ECOSTAR,AC,18AR02 / 18NV02 ( T3 ),"156,222",21100,,10 Month Plan,SEP,2026
GREE/ECOSTAR,AC,24AR02 / 24NV02 ( T3 ),"198,918",26900,,10 Month Plan,SEP,2026
GREE/ECOSTAR,AC,EF-24IB01W,"233,351",31500,,10 Month Plan,SEP,2026
GREE/ECOSTAR,AC,EF-24GL02SW,"251,914",34000,,10 Month Plan,SEP,2026
GREE/ECOSTAR,AC,EF-48IB01W,"498,802",67300,,10 Month Plan,SEP,2026
GREE/ECOSTAR,LED,CX-32U576 / 78 / 579,"38,345",5400,,10 Month Plan,SEP,2026
GREE/ECOSTAR,LED,CX-39U573,"51,613",7200,,10 Month Plan,SEP,2026
GREE/ECOSTAR,LED,CX-32Q874 / 75,"39,929",5600,,10 Month Plan,SEP,2026
GREE/ECOSTAR,LED,CX-40Q874 / 75,"55,539",7800,,10 Month Plan,SEP,2026
GREE/ECOSTAR,LED,CX-43Q874 / 75,"62,994",8800,,10 Month Plan,SEP,2026
GREE/ECOSTAR,LED,CX-43Q964,"74,678",10500,,10 Month Plan,SEP,2026
GREE/ECOSTAR,LED,CX-50Q874 (NEW),"88,359",12400,,10 Month Plan,SEP,2026
GREE/ECOSTAR,LED,CX-50Q964/966,"94,514",13200,,10 Month Plan,SEP,2026
GREE/ECOSTAR,LED,CX-58Q968,"120,493",16900,,10 Month Plan,SEP,2026
GREE/ECOSTAR,LED,CX-55Q964/966,"107,350",15000,,10 Month Plan,SEP,2026
GREE/ECOSTAR,LED,CX-55M981,"146,384",20500,,10 Month Plan,SEP,2026
GREE/ECOSTAR,LED,CX-58Q968,"112,976",15800,,10 Month Plan,SEP,2026
GREE/ECOSTAR,LED,CX-65Q964/966,"169,123",23700,,10 Month Plan,SEP,2026
GREE/ECOSTAR,LED,CX-65Q968,"197,405",27600,,10 Month Plan,SEP,2026
GREE/ECOSTAR,LED,CX-65M980,"211,442",29600,,10 Month Plan,SEP,2026
GREE/ECOSTAR,LED,CX-65M981,"255,400",35800,,10 Month Plan,SEP,2026
GREE/ECOSTAR,LED,CX-75Q965/967,"265,875",37200,,10 Month Plan,SEP,2026
GREE/ECOSTAR,LED,CX-75M980,"348,038",48700,,10 Month Plan,SEP,2026
GREE/ECOSTAR,LED,CX-75M981,"375,614",52600,,10 Month Plan,SEP,2026
GREE/ECOSTAR,LED,CX-77X980,"797,782",111700,,10 Month Plan,SEP,2026
GREE/ECOSTAR,LED,CX-85Q965,"402,908",56400,,10 Month Plan,SEP,2026
GREE/ECOSTAR,LED,CX-85M981,"563,203",78800,,10 Month Plan,SEP,2026
GREE/ECOSTAR,LED,CX-100M981,"863,345",120900,,10 Month Plan,SEP,2026
GREE/ECOSTAR,LED,CX-100Q965,"703,050",98400,,10 Month Plan,SEP,2026
GREE/ECOSTAR,Water Dispenser,GW-JL500FS,"43,583",6000,,10 Month Plan,SEP,2026
GREE/ECOSTAR,Water Dispenser,GW-JL500FC,"43,583",6000,,10 Month Plan,SEP,2026
GREE/ECOSTAR,Water Dispenser,WD-300/301,"29,795",4100,,10 Month Plan,SEP,2026
GREE/ECOSTAR,Water Dispenser,WD-300F,"31,670",4400,,10 Month Plan,SEP,2026
GREE/ECOSTAR,Water Dispenser,WD-300FS,"32,327",4500,,10 Month Plan,SEP,2026
GREE/ECOSTAR,Water Dispenser,WD-302F,"32,608",4500,,10 Month Plan,SEP,2026
GREE/ECOSTAR,Water Dispenser,WD-351FB/FC,"35,140",4800,,10 Month Plan,SEP,2026
GREE/ECOSTAR,Water Dispenser,WD-450F,"33,546",4600,,10 Month Plan,SEP,2026
GREE/ECOSTAR,Washing Machine,EW-S1001WG,"20,133",3100,,10 Month Plan,SEP,2026
GREE/ECOSTAR,Washing Machine,EW-W1001GW,"22,009",3100,,10 Month Plan,SEP,2026
GREE/ECOSTAR,Washing Machine,EW-W1201GW,"23,884",3300,,10 Month Plan,SEP,2026
GREE/ECOSTAR,Washing Machine,EW-W1202WW,"26,698",3700,,10 Month Plan,SEP,2026
GREE/ECOSTAR,Washing Machine,EW-T1002JB,"31,388",4400,,10 Month Plan,SEP,2026
GREE/ECOSTAR,Washing Machine,EW-T1004MG,"31,388",4400,,10 Month Plan,SEP,2026
GREE/ECOSTAR,Washing Machine,EW-F9502DC,"62,341",8700,,10 Month Plan,SEP,2026
GREE/ECOSTAR,Washing Machine,EW-F9504DC,"66,092",9300,,10 Month Plan,SEP,2026
GREE/ECOSTAR,Washing Machine,EW-F1202DC,"70,782",9900,,10 Month Plan,SEP,2026
GREE/ECOSTAR,Washing Machine,EW-F1204DC,"75,472",10600,,10 Month Plan,SEP,2026
GREE/ECOSTAR,Oven,"EM-2023 ( 20 Liter, Black / White )","13,704",2100,,10 Month Plan,SEP,2026
GREE/ECOSTAR,Oven,"EM-2024 ( 20 Liter, Black / White)","13,704",1900,,10 Month Plan,SEP,2026
GREE/ECOSTAR,Oven,"EM-2302 ( 23 Liter, Black )","25,515",3600,,10 Month Plan,SEP,2026
GREE/ECOSTAR,Oven,"EM-2303 ( 23 Liter, Black )","25,515",3600,,10 Month Plan,SEP,2026
GREE/ECOSTAR,Oven,"EM-2502 ( 25 Liter, Silver)","26,424",3700,,10 Month Plan,SEP,2026
GREE/ECOSTAR,Oven,"EM-2503 ( 25 Liter,  Black )","26,424",3700,,10 Month Plan,SEP,2026
GREE/ECOSTAR,Oven,"EM-2801 ( 28 Liter , White )","29,968",4200,,10 Month Plan,SEP,2026
GREE/ECOSTAR,Oven,"EM-3002 ( 30 Liter , Black )","30,421",4300,,10 Month Plan,SEP,2026
GREE/ECOSTAR,Oven,"EM-3003 ( 30 Liter, Gray Black) 4 in 1","42,234",5900,,10 Month Plan,SEP,2026
GREE/ECOSTAR,Oven,"EM-3601 ( 36 Liter, Silver )","32,783",4600,,10 Month Plan,SEP,2026
GREE/ECOSTAR,Oven,"EM-3801 ( 38 Liter , Silver )","33,239",4700,,10 Month Plan,SEP,2026
GREE/ECOSTAR,Oven,"EM-4201 ( 42 Liter , Silver )","37,327",5200,,10 Month Plan,SEP,2026
GREE/ECOSTAR,Oven,"EM-4302BDG ( 43 Liter, Black)","37,782",5300,,10 Month Plan,SEP,2026
GREE/ECOSTAR,Home Appliances,EH-JBG-311-WX,"10,843",1700,,10 Month Plan,SEP,2026
GREE/ECOSTAR,Home Appliances,EH-BL210-WX,"6,664",1000,,10 Month Plan,SEP,2026
GREE/ECOSTAR,Home Appliances,EH-BL211-SX,"8,975",1400,,10 Month Plan,SEP,2026
GREE/ECOSTAR,Home Appliances,EH-FP810-BX,"13,776",2100,,10 Month Plan,SEP,2026
GREE/ECOSTAR,Home Appliances,EH-KE110 B/W,"5,383",800,,10 Month Plan,SEP,2026
GREE/ECOSTAR,Home Appliances,EH-KE111-S,"6,272",1000,,10 Month Plan,SEP,2026
GREE/ECOSTAR,Home Appliances,EH-SM111-B,"5,426",800,,10 Month Plan,SEP,2026
GREE/ECOSTAR,Home Appliances,EH-ST210-BL/G,"4,625",700,,10 Month Plan,SEP,2026
GREE/ECOSTAR,Home Appliances,EH-ST211-BL/G,"5,203",800,,10 Month Plan,SEP,2026
GREE/ECOSTAR,Home Appliances,EH-DI110-BL/ DI110-P,"3,912",600,,10 Month Plan,SEP,2026
GREE/ECOSTAR,Home Appliances,GEH-800 B / G,"9,719",1500,,10 Month Plan,SEP,2026
GREE/ECOSTAR,Home Appliances,GEH18-2500C,"28,321",4000,,10 Month Plan,SEP,2026
GREE/ECOSTAR,Home Appliances,GEH22-2500G,"31,110",4400,,10 Month Plan,SEP,2026
GREE/ECOSTAR,Home Appliances,GA-170W1,"37,617",5800,,10 Month Plan,SEP,2026
GREE/ECOSTAR,Home Appliances,GA-350W1,"56,207",8700,,10 Month Plan,SEP,2026
GREE/ECOSTAR,Home Appliances,GAF-170 ( Filter ),"6,944",1100,,10 Month Plan,SEP,2026
GREE/ECOSTAR,Home Appliances,GAF-350 ( Filter ),"12,520",1900,,10 Month Plan,SEP,2026
HAIER,Refrigerator,HR-66 B,"29,428",4200,30000,10 Month Plan,SEP,2026
HAIER,Refrigerator,HR-136 B,"41,468",6000,42000,10 Month Plan,SEP,2026
HAIER,Refrigerator,HRF-186 EBS/EBD,"45,601",6600,50000,10 Month Plan,SEP,2026
HAIER,Refrigerator,HRF-216 EBS/EBD,"55,318",8000,60000,10 Month Plan,SEP,2026
HAIER,Refrigerator,HRF 216 EPR/EPB,"58,816",8500,64000,10 Month Plan,SEP,2026
HAIER,Refrigerator,HRF-246 EBS/EBD,"59,692",8600,65000,10 Month Plan,SEP,2026
HAIER,Refrigerator,HRF 246 EPR/EPB,"64,160",9200,70000,10 Month Plan,SEP,2026
HAIER,Refrigerator,HRF-276 EBS/EBD,"64,160",9200,70000,10 Month Plan,SEP,2026
HAIER,Refrigerator,HRF 276 EPR/EPB,"68,531",9900,75000,10 Month Plan,SEP,2026
HAIER,Refrigerator,HRF-316 EPR/EPB,"76,500",11000,84000,10 Month Plan,SEP,2026
HAIER,Refrigerator,HRF-346 EPR/EPB,"79,997",11500,88000,10 Month Plan,SEP,2026
HAIER,Refrigerator,HRF-368 EPR/EPB,"97,229",14000,105000,10 Month Plan,SEP,2026
HAIER,Refrigerator,HRF-398 EPR/EPB,"102,088",14700,108500,10 Month Plan,SEP,2026
HAIER,Refrigerator,HRF-438 EPR/EPB,"107,335",15400,113000,10 Month Plan,SEP,2026
HAIER,Refrigerator,HRF-538 EPR/EPG,"113,166",16300,120000,10 Month Plan,SEP,2026
HAIER,Refrigerator,HRF-246 IPRA/IPGA/IPPA,"67,657",9700,74000,10 Month Plan,SEP,2026
HAIER,Refrigerator,HRF-276 IPRA/IPGA/IPPA,"72,029",10400,79000,10 Month Plan,SEP,2026
HAIER,Refrigerator,HRF-316 IPRA/IPGA/IPPA,"79,997",11500,88000,10 Month Plan,SEP,2026
HAIER,Refrigerator,HRF-346 IPRA/IPGA/IPPA,"83,494",12000,92000,10 Month Plan,SEP,2026
HAIER,Refrigerator,HRF-418 IPRA/IPGA/IPPA,"93,210",13400,105000,10 Month Plan,SEP,2026
HAIER,Refrigerator,HRF-458 IPRA/IPGA/IPPA,"97,972",14100,110000,10 Month Plan,SEP,2026
HAIER,Refrigerator,HRF-538 IPRA/IPGA/IPPA,"106,813",15400,118000,10 Month Plan,SEP,2026
HAIER,Refrigerator,HRF-316 IDGA/IDRGA,"83,494",12000,94000,10 Month Plan,SEP,2026
HAIER,Refrigerator,HRF-346 IDGA/IDRGA,"87,090",12500,98000,10 Month Plan,SEP,2026
HAIER,Refrigerator,HRF-418 IDGA/IDRGA,"97,680",14100,110000,10 Month Plan,SEP,2026
HAIER,Refrigerator,HRF-458 IDGA/IDRGA,"102,440",14800,115000,10 Month Plan,SEP,2026
HAIER,Refrigerator,HRF-538 IDGA/IDRGA,"110,408",15900,125000,10 Month Plan,SEP,2026
HAIER,Refrigerator,HRF-316 IAPA+/IARA,"83,494",12000,94000,10 Month Plan,SEP,2026
HAIER,Refrigerator,HRF-346 IAPA+/IARA,"87,090",12500,98000,10 Month Plan,SEP,2026
HAIER,Refrigerator,HRF-368 IAPA+/IARA,"88,419",12700,98000,10 Month Plan,SEP,2026
HAIER,Refrigerator,HRF-398 IAPA+/IARA,"108,891",15700,115000,10 Month Plan,SEP,2026
HAIER,Refrigerator,HRF-418 IAPA+/IARA,"97,680",14100,110000,10 Month Plan,SEP,2026
HAIER,Refrigerator,HRF-438 IAPA+/IARA,"114,137",16400,120000,10 Month Plan,SEP,2026
HAIER,Refrigerator,HRF-458 IAPA+/IARA,"102,440",14800,115000,10 Month Plan,SEP,2026
HAIER,Refrigerator,HRF-538 IAPA+/IARA,"110,408",15900,125000,10 Month Plan,SEP,2026
HAIER,Refrigerator,HRF-316 IFGA/IFRA,"86,215",12400,97000,10 Month Plan,SEP,2026
HAIER,Refrigerator,HRF-346 IFGA/IFRA,"89,713",12900,102000,10 Month Plan,SEP,2026
HAIER,Refrigerator,HRF-368 IFGA/IFRA,"92,793",13300,97500,10 Month Plan,SEP,2026
HAIER,Refrigerator,HRF-398 IFGA/IFRA,"112,777",16200,118500,10 Month Plan,SEP,2026
HAIER,Refrigerator,HRF-418 IFGA/IFRA/IFPA,"102,686",14800,115000,10 Month Plan,SEP,2026
HAIER,Refrigerator,HRF-438 IFGA/IFRA/IFPA,"95,528",13700,102000,10 Month Plan,SEP,2026
HAIER,Refrigerator,HRF-458 IFGA/IFRA/IFPA,"107,448",15500,120000,10 Month Plan,SEP,2026
HAIER,Refrigerator,HRF-538 IFGA/IFRA/IFPA,"115,512",16600,128000,10 Month Plan,SEP,2026
HAIER,Refrigerator,HRF-418 TIFG1U1/TIFB1U1 (IOT),"107,058",15400,120000,10 Month Plan,SEP,2026
HAIER,Refrigerator,HRF-458 TIFG1U1/TIFB1U1 (IOT),"111,917",16100,125000,10 Month Plan,SEP,2026
HAIER,Refrigerator,HRF-538 TIFG1U1/TIFB1U1 (IOT),"118,135",17000,132000,10 Month Plan,SEP,2026
HAIER,Refrigerator,HRF-488 IFFB,"206,770",29800,218000,10 Month Plan,SEP,2026
HAIER,Refrigerator,HRF-518 IFFB,"213,959",30800,225000,10 Month Plan,SEP,2026
HAIER,Refrigerator,HRF-518 WIFFBGU1,"219,299",31600,230000,10 Month Plan,SEP,2026
HAIER,Refrigerator,HRF-622 IBS,"215,798",31100,240000,10 Month Plan,SEP,2026
HAIER,Refrigerator,HRF-622 ICG,"226,585",32600,250000,10 Month Plan,SEP,2026
HAIER,Refrigerator,HRF-622 IBG,"229,209",33000,255000,10 Month Plan,SEP,2026
HAIER,AC,Solar Hybrid-III/IV(OW)-T3 Plus Wall Mount 1.5 Ton,"165,827",23200,180000,10 Month Plan,SEP,2026
HAIER,AC,Solar Hybrid-IV(OW)-T3 Plus Wall Mount 2 Ton,"191,951",26800,210000,10 Month Plan,SEP,2026
HAIER,AC,Solar Hybrid-IV FS(W)-T3 Plus Floor Standing 2 Ton,"274,289",38400,298000,10 Month Plan,SEP,2026
HAIER,AC,HSU-10LFCM/013USDC(W),"87,744",12300,96000,10 Month Plan,SEP,2026
HAIER,AC,HSU-14HFTEX/013/023WUSDC(OW)-T3 Plus,"121,175",16900,130000,10 Month Plan,SEP,2026
HAIER,AC,HSU-14HFTEX/013/023WUSDC(DG)-T3 Plus,"124,994",17500,134000,10 Month Plan,SEP,2026
HAIER,AC,HSU-13HFAB/013/23WUSDC(W)-T3 Pro,"112,288",15700,120000,10 Month Plan,SEP,2026
HAIER,AC,HSU-13HFAB/013/23WUSDC(Grey)-T3 Pro,"116,106",16200,124000,10 Month Plan,SEP,2026
HAIER,AC,HSU-13HFS/013/23WDC(G)/(S)-T3 Pro,"115,054",16100,124000,10 Month Plan,SEP,2026
HAIER,AC,HSU-13HFS/013/23WDC(W)-T3 Pro,"111,235",15600,120000,10 Month Plan,SEP,2026
HAIER,AC,HSU-13HFN/013WDC(W)-T3,"109,224",15300,118000,10 Month Plan,SEP,2026
HAIER,AC,"HSU-13HFPA/013WUSDC(G-S-B,SG)","106,908",15000,112000,10 Month Plan,SEP,2026
HAIER,AC,HSU-13HFCS/CA/CP013/33/23USDC(W)-SG,"103,398",14500,110000,10 Month Plan,SEP,2026
HAIER,AC,HSU-13RFP/023DC(W),"100,522",14100,105000,10 Month Plan,SEP,2026
HAIER,AC,HSU-13LFCM/013/23DC(W),"93,117",13000,98000,10 Month Plan,SEP,2026
HAIER,AC,HSU-13LF-SUPREME/023DC(W),"93,117",13000,98000,10 Month Plan,SEP,2026
HAIER,AC,HSU-13LF-PRIME/023DC(W),"93,117",13000,98000,10 Month Plan,SEP,2026
HAIER,AC,HSU-12CFCP/023L(W),"84,236",11800,89000,10 Month Plan,SEP,2026
HAIER,AC,HSU-20HJ/013/23WUSDC(G)-T3 Plus,"208,527",29200,230000,10 Month Plan,SEP,2026
HAIER,AC,HSU-20HJUV/013/23WUSDC(G)-T3 Plus,"188,589",26400,208000,10 Month Plan,SEP,2026
HAIER,AC,HSU-20HFTEX/013/23/33WUSDC(OW)-T3 Plus,"158,409",22200,165000,10 Month Plan,SEP,2026
HAIER,AC,HSU-20HFTEX/013/23/33WUSDC(DG)-T3 Plus,"163,195",22800,170000,10 Month Plan,SEP,2026
HAIER,AC,HSU-19HFAB/013WUSDC(W)-T3 Pro,"143,978",20100,148000,10 Month Plan,SEP,2026
HAIER,AC,HSU-19HFAB/013/23WUSDC(Grey)-T3 Pro,"148,751",20800,153000,10 Month Plan,SEP,2026
HAIER,AC,HSU-19HFS/023WDC(S-G)-T3 Pro,"147,985",20700,153000,10 Month Plan,SEP,2026
HAIER,AC,HSU-19HFS/023WDC(W)-T3 Pro,"143,212",20000,148000,10 Month Plan,SEP,2026
HAIER,AC,HSU-19HFN/013WDC(W)-T3,"137,850",19300,145000,10 Month Plan,SEP,2026
HAIER,AC,"HSU-19HFPAA/013/23/43WUSDC(G,S,B)-SG","131,232",18400,137000,10 Month Plan,SEP,2026
HAIER,AC,HSU-19HFCS/CA/CP/013/23WDC(W)-SG,"122,769",15600,126000,10 Month Plan,SEP,2026
HAIER,AC,HSU-19HUS/013WDC(W) Ultra Saver,"121,795",17000,126000,10 Month Plan,SEP,2026
HAIER,AC,HSU-19RFP/013/23DC(W),"120,376",16800,125000,10 Month Plan,SEP,2026
HAIER,AC,HSU-19LFCM/013/23USDC(W),"117,042",16400,126000,10 Month Plan,SEP,2026
HAIER,AC,HSU-19LF-SUPREME/023DC(W),"117,042",16400,126000,10 Month Plan,SEP,2026
HAIER,AC,HSU-19LF-PRIME/023DC(W),"117,042",16400,126000,10 Month Plan,SEP,2026
HAIER,AC,HSU-18CFCP/023L(W),"108,281",15100,114000,10 Month Plan,SEP,2026
HAIER,AC,HPU-24HJ/013WDC(G)-T3 Plus,"293,849",41100,321000,10 Month Plan,SEP,2026
HAIER,AC,HPU-24HDZUV/013WDC(W) T3 Plus,"267,145",37400,291000,10 Month Plan,SEP,2026
HAIER,AC,HPU-24HDZCA/013WDC(W) T3 Plus,"257,600",36000,281000,10 Month Plan,SEP,2026
HAIER,AC,HPU-24HE/WSDC(X-IK)-T3,"245,017",34300,260000,10 Month Plan,SEP,2026
HAIER,AC,HPU-24CE03/X-IK,"211,396",29600,215000,10 Month Plan,SEP,2026
HAIER,AC,HSU-24HFAB/013WUSDC(W)-T3 Pro,"190,612",26700,200000,10 Month Plan,SEP,2026
HAIER,AC,HSU-24HFAB/013WUSDC(Grey)-T3 Pro,"196,339",27500,206000,10 Month Plan,SEP,2026
HAIER,AC,HSU-24HFCD/013/23WDC(W),"178,201",24900,194000,10 Month Plan,SEP,2026
HAIER,AC,HSU-24CFCM/023L(W),"152,066",21300,165000,10 Month Plan,SEP,2026
HAIER,Washing Machine,HD 60 - 50 (white/Gray),"16,130",2400,17500,10 Month Plan,SEP,2026
HAIER,Washing Machine,HWS80-60 E:04 (New),"17,191",2500,20000,10 Month Plan,SEP,2026
HAIER,Washing Machine,HWS80-60 G:04,"18,165",2700,19500,10 Month Plan,SEP,2026
HAIER,Washing Machine,HWS80-60 : 03,"17,678",2600,19500,10 Month Plan,SEP,2026
HAIER,Washing Machine,HWM80-1217E,"17,696",2600,20000,10 Month Plan,SEP,2026
HAIER,Washing Machine,HWM 80-1217,"18,279",2700,25500,10 Month Plan,SEP,2026
HAIER,Washing Machine,HWM 120-35FF (Milky white/Gray),"22,930",3400,26000,10 Month Plan,SEP,2026
HAIER,Washing Machine,HWM130-1217E,"23,610",3500,27000,10 Month Plan,SEP,2026
HAIER,Washing Machine,HWM 130-1217 (Gray),"24,581",3600,27000,10 Month Plan,SEP,2026
HAIER,Washing Machine,HWM 130-1217 (White),"24,095",3500,26000,10 Month Plan,SEP,2026
HAIER,Washing Machine,HWM 75AS (White),"23,413",3400,27500,10 Month Plan,SEP,2026
HAIER,Washing Machine,HWM80-CS,"24,772",3600,35000,10 Month Plan,SEP,2026
HAIER,Washing Machine,HWM 80AS (White),"29,780",4300,35000,10 Month Plan,SEP,2026
HAIER,Washing Machine,HWM100-CS,"31,918",4700,35000,10 Month Plan,SEP,2026
HAIER,Washing Machine,HWM 100AS (White),"31,918",4700,37000,10 Month Plan,SEP,2026
HAIER,Washing Machine,HWM 100BS (White),"33,571",4900,35000,10 Month Plan,SEP,2026
HAIER,Washing Machine,HTW100-1217S,"29,822",4400,33000,10 Month Plan,SEP,2026
HAIER,Washing Machine,HTW100-196E,"29,240",4300,33500,10 Month Plan,SEP,2026
HAIER,Washing Machine,HTW100-196G,"30,308",4400,33500,10 Month Plan,SEP,2026
HAIER,Washing Machine,HTW100-196S,"30,308",4400,33500,10 Month Plan,SEP,2026
HAIER,Washing Machine,HWM120-AS (Moonlight grey),"42,460",6200,47000,10 Month Plan,SEP,2026
HAIER,Washing Machine,HWM 120AS,"48,630",7100,50000,10 Month Plan,SEP,2026
HAIER,Washing Machine,HWM 80-1269X,"55,335",8100,60000,10 Month Plan,SEP,2026
HAIER,Washing Machine,HWM 80-1708Y,"59,708",8700,65000,10 Month Plan,SEP,2026
HAIER,Washing Machine,HWM85-1269S6 : 03,"48,879",7100,52000,10 Month Plan,SEP,2026
HAIER,Washing Machine,HWM 85-826E,"58,736",8600,64000,10 Month Plan,SEP,2026
HAIER,Washing Machine,HWM 85-826,"60,679",8900,68000,10 Month Plan,SEP,2026
HAIER,Washing Machine,HWM90-826E,"51,402",7500,55000,10 Month Plan,SEP,2026
HAIER,Washing Machine,HWM100-826S6,"55,001",8000,63000,10 Month Plan,SEP,2026
HAIER,Washing Machine,HWM 95-1678ES8,"81,084",11800,87000,10 Month Plan,SEP,2026
HAIER,Washing Machine,HWM100-1269S6,"50,332",7400,55000,10 Month Plan,SEP,2026
HAIER,Washing Machine,HWM100-316S6,"60,245",8800,68000,10 Month Plan,SEP,2026
HAIER,Washing Machine,HWM100-316HS8,"60,826",8900,68000,10 Month Plan,SEP,2026
HAIER,Washing Machine,HWM100-1678E,"82,055",12000,90000,10 Month Plan,SEP,2026
HAIER,Washing Machine,HWM110-688S8,"62,898",9200,67500,10 Month Plan,SEP,2026
HAIER,Washing Machine,HWM110-B688S8,"68,241",10000,75000,10 Month Plan,SEP,2026
HAIER,Washing Machine,HWM 120-826E,"79,141",11600,85000,10 Month Plan,SEP,2026
HAIER,Washing Machine,HWM 120-826,"62,898",9200,77000,10 Month Plan,SEP,2026
HAIER,Washing Machine,HWM120-316S6,"71,718",10500,77000,10 Month Plan,SEP,2026
HAIER,Washing Machine,HWM 120-1678ES8,"69,432",10100,85000,10 Month Plan,SEP,2026
HAIER,Washing Machine,HWM 120-B1678,"97,699",14300,105000,10 Month Plan,SEP,2026
HAIER,Washing Machine,HWM130-688S8,"75,993",11100,85000,10 Month Plan,SEP,2026
HAIER,Washing Machine,HWM130-B699S8 : 03,"84,457",12300,92000,10 Month Plan,SEP,2026
HAIER,Washing Machine,HWM 120-1978  (Double Drive),"122,457",17900,130000,10 Month Plan,SEP,2026
HAIER,Washing Machine,HWM150-826S6,"75,993",11100,82000,10 Month Plan,SEP,2026
HAIER,Washing Machine,HWM150-316S6,"78,816",11500,85000,10 Month Plan,SEP,2026
HAIER,Washing Machine,HWM150-688S8,"82,702",12100,88000,10 Month Plan,SEP,2026
HAIER,Washing Machine,HWM 150-1678ES8,"84,645",12400,90000,10 Month Plan,SEP,2026
HAIER,Washing Machine,HWM150-B2578S8,"97,378",14200,105000,10 Month Plan,SEP,2026
HAIER,Washing Machine,HWM 150-B1678ES8,"109,166",15900,115000,10 Month Plan,SEP,2026
HAIER,Washing Machine,HWM150-B699S8 : 03,"92,907",13600,105000,10 Month Plan,SEP,2026
HAIER,Washing Machine,HWM 150-1978  (Double Drive),"151,707",22200,161000,10 Month Plan,SEP,2026
HAIER,Washing Machine,HW80-BP12929S6,"132,850",19400,140999,10 Month Plan,SEP,2026
HAIER,Washing Machine,HW80-BP12929S3,"132,850",19400,141000,10 Month Plan,SEP,2026
HAIER,Washing Machine,HW90-BP12357S8,"128,088",18700,143000,10 Month Plan,SEP,2026
HAIER,Washing Machine,HW90-BP14959S8,"154,982",22600,160000,10 Month Plan,SEP,2026
HAIER,Washing Machine,HW100-BP12357S8,"137,609",20100,139500,10 Month Plan,SEP,2026
HAIER,Washing Machine,HW100-BP14929S6,"160,439",23400,162500,10 Month Plan,SEP,2026
HAIER,Washing Machine,HW100-BP14929S3,"160,439",23400,162500,10 Month Plan,SEP,2026
HAIER,Washing Machine,HW105-B14959S8U1,"188,117",27500,192500,10 Month Plan,SEP,2026
HAIER,Washing Machine,HW105-BD14376PGUI,"189,975",27800,193000,10 Month Plan,SEP,2026
HAIER,Washing Machine,HWD105-B14959S8U1,"216,680",31700,220000,10 Month Plan,SEP,2026
HAIER,Washing Machine,HD100-AR376PGUI,"216,181",31600,220000,10 Month Plan,SEP,2026
HAIER,Washing Machine,HW120-BP12357S8,"150,043",21900,225000,10 Month Plan,SEP,2026
HAIER,Washing Machine,HWD120-BP12357S8,"174,111",25400,176000,10 Month Plan,SEP,2026
HAIER,Washing Machine,HWM120-BP14929S6,"167,335",24500,210000,10 Month Plan,SEP,2026
HAIER,Washing Machine,HWD140-BPD14387GNU1 (New),"216,660",31700,220000,10 Month Plan,SEP,2026
HAIER,Washing Machine,HW-140-BD14697WU1,"534,778",78100,538000,10 Month Plan,SEP,2026
HAIER,Washing Machine,HWD240-BD12LGNU1,"894,182",130600,897000,10 Month Plan,SEP,2026
HAIER,Washing Machine,HWM 80 - 35 (white/Gray),"20,452",3000,23000,10 Month Plan,SEP,2026
HAIER,Washing Machine,HWM 80 - 50 (white/Gray),"20,937",3100,24000,10 Month Plan,SEP,2026
HAIER,Washing Machine,HWM 80 - 60 ( white/Gray),"21,423",3100,24000,10 Month Plan,SEP,2026
HAIER,Washing Machine,HTW80-186:W,"37,650",5500,41000,10 Month Plan,SEP,2026
HAIER,Washing Machine,HTW100-1169,"39,204",5700,42000,10 Month Plan,SEP,2026
HAIER,Washing Machine,HTW110-186,"39,982",5800,43000,10 Month Plan,SEP,2026
HAIER,Washing Machine,HWM 80-1269Y,"55,335",8100,58000,10 Month Plan,SEP,2026
HAIER,Washing Machine,HWM85-1708,"71,562",10400,75000,10 Month Plan,SEP,2026
HAIER,Washing Machine,HWM 90-1789:B,"72,241",10500,75000,10 Month Plan,SEP,2026
HAIER,Washing Machine,HWM90-1708S5,"75,157",11000,78000,10 Month Plan,SEP,2026
HAIER,Washing Machine,HWM 90-826S5,"76,128",11100,79000,10 Month Plan,SEP,2026
HAIER,Washing Machine,HWM 150-1789,"94,592",13800,98000,10 Month Plan,SEP,2026
HAIER,Washing Machine,HWM 150-1708,"95,757",14000,99000,10 Month Plan,SEP,2026
HAIER,Washing Machine,HWM200-BD2178S8,"189,949",27700,193000,10 Month Plan,SEP,2026
HAIER,Deep Freezer,HDF-285,"72,474",10700,78500,10 Month Plan,SEP,2026
HAIER,Deep Freezer,HDF-405,"89,002",13200,98000,10 Month Plan,SEP,2026
HAIER,Deep Freezer,HDF-545,"113,787",16800,125500,10 Month Plan,SEP,2026
HAIER,Deep Freezer,HDF-385,"85,112",12600,93000,10 Month Plan,SEP,2026
HAIER,Deep Freezer,HDF-245 Inverter,"73,448",10900,80000,10 Month Plan,SEP,2026
HAIER,Deep Freezer,HDF-285 Inverter,"75,395",11200,83000,10 Month Plan,SEP,2026
HAIER,Deep Freezer,HDF-405 Inverter,"93,863",13900,103500,10 Month Plan,SEP,2026
HAIER,Deep Freezer,HDF-465 Inverter (New),"96,781",14300,107000,10 Month Plan,SEP,2026
HAIER,Deep Freezer,HDF-545 Inverter,"121,078",17900,133500,10 Month Plan,SEP,2026
HAIER,Deep Freezer,HDF-230 Inverter,"60,324",8900,65000,10 Month Plan,SEP,2026
HAIER,Deep Freezer,HDF-320 Inverter,"70,042",10400,75500,10 Month Plan,SEP,2026
HAIER,Deep Freezer,HDF-385 Inverter,"88,616",13100,98000,10 Month Plan,SEP,2026
HAIER,Deep Freezer,HDF-535 Inverter (New),"107,470",15900,118500,10 Month Plan,SEP,2026
HAIER,Deep Freezer,HDF-175 Inverter Grey (New),"52,550",7800,57000,10 Month Plan,SEP,2026
HAIER,Deep Freezer,HDF-245 Inverter Grey,"73,448",10900,80000,10 Month Plan,SEP,2026
HAIER,Deep Freezer,HDF-285 Inverter Grey,"75,395",11200,83000,10 Month Plan,SEP,2026
HAIER,Deep Freezer,HDF-345 Inverter Grey,"81,228",12000,89500,10 Month Plan,SEP,2026
HAIER,Deep Freezer,HDF-405 Inverter Grey,"93,863",13900,103500,10 Month Plan,SEP,2026
HAIER,Deep Freezer,HDF-385 Inverter Grey,"88,616",13100,98000,10 Month Plan,SEP,2026
HAIER,CAC,HPU-48CE/DC,"462,770",62800,486000,10 Month Plan,SEP,2026
HAIER,CAC,HPU-48E/DC,"502,955",68300,529000,10 Month Plan,SEP,2026
HAIER,CAC,HPU-48HE/012DC(GE)-T3,"508,397",69100,534000,10 Month Plan,SEP,2026
HAIER,CAC,HPU-96CE/DC,"1,056,763",143800,1109000,10 Month Plan,SEP,2026
HAIER,CAC,HPU-96HE/DC,"1,118,536",152200,1174000,10 Month Plan,SEP,2026
HAIER,CAC,HBU-18HE/DC,"261,554",35600,277000,10 Month Plan,SEP,2026
HAIER,CAC,HBU-24HE013DC(QB)-T3,"383,358",52100,404000,10 Month Plan,SEP,2026
HAIER,CAC,HBU-48CE/DC,"522,565",71100,550000,10 Month Plan,SEP,2026
HAIER,CAC,HBU-48E/DC,"566,064",77000,595000,10 Month Plan,SEP,2026
HAIER,CAC,HCFU-24HE/DC,"311,644",42400,329000,10 Month Plan,SEP,2026
HAIER,CAC,HCFU-24HE013DC-T3,"311,644",42400,329000,10 Month Plan,SEP,2026
HAIER,CAC,HCFU-48HE/DC,"489,132",66500,515000,10 Month Plan,SEP,2026
HAIER,CAC,HDU-24HE013DC-T3,"311,644",42400,329000,10 Month Plan,SEP,2026
HAIER,CAC,HDU-48HE/DC,"489,132",66500,515000,10 Month Plan,SEP,2026
HAIER,CAC,HPU-48CE03/T,"386,728",52400,406000,10 Month Plan,SEP,2026
HAIER,CAC,HCFU-48CE03,"324,692",44200,343000,10 Month Plan,SEP,2026
HAIER,LED,H32K85GX / FX,"47,209",6900,50000,10 Month Plan,SEP,2026
HAIER,LED,H40K85FFX,"62,464",9100,66500,10 Month Plan,SEP,2026
HAIER,LED,H43K85FFX,"71,067",10400,77000,10 Month Plan,SEP,2026
HAIER,LED,H50K85FUX/GUX,"93,381",13700,100000,10 Month Plan,SEP,2026
HAIER,LED,H55K85FUX/GUX,"111,095",16200,115000,10 Month Plan,SEP,2026
HAIER,LED,H65K85FUX/GUX,"177,990",26000,182000,10 Month Plan,SEP,2026
HAIER,LED,H75K85FUX,"225,315",33000,245000,10 Month Plan,SEP,2026
HAIER,LED,H32S80GFX / EFX,"47,714",7000,52000,10 Month Plan,SEP,2026
HAIER,LED,H50S80GFX,"84,347",12300,88500,10 Month Plan,SEP,2026
HAIER,LED,H43S80EUX,"85,968",12500,93000,10 Month Plan,SEP,2026
HAIER,LED,H50S80EUX /GUX,"101,645",14900,109000,10 Month Plan,SEP,2026
HAIER,LED,H55S80EUX/GUX,"119,610",17500,128000,10 Month Plan,SEP,2026
HAIER,LED,H65S80EUX/GUX,"181,500",26500,193000,10 Month Plan,SEP,2026
HAIER,LED,H75S80EUX,"256,067",37500,271000,10 Month Plan,SEP,2026
HAIER,LED,H50S800UX PRO,"114,503",16700,123000,10 Month Plan,SEP,2026
HAIER,LED,H55S800UX PRO,"135,566",19900,145000,10 Month Plan,SEP,2026
HAIER,LED,H65S800UX PRO,"195,069",28600,208000,10 Month Plan,SEP,2026
HAIER,LED,H65S85GUX,"195,069",28600,208000,10 Month Plan,SEP,2026
HAIER,LED,H75S85GUX,"285,438",41700,301000,10 Month Plan,SEP,2026
HAIER,LED,H85S800UX,"414,176",61000,438000,10 Month Plan,SEP,2026
HAIER,LED,H55M80FUX,"157,956",23100,168000,10 Month Plan,SEP,2026
HAIER,LED,H65M80FUX,"216,387",31800,230000,10 Month Plan,SEP,2026
HAIER,LED,H75M80FUX,"297,806",43800,316000,10 Month Plan,SEP,2026
HAIER,LED,H85M80FUX,"452,738",66700,480000,10 Month Plan,SEP,2026
HAIER,LED,H100S90FUX,"802,039",117100,840000,10 Month Plan,SEP,2026
HAIER,LED,H50S81GFX,"84,347",12300,91000,10 Month Plan,SEP,2026
HAIER,LED,H43S81EUX,"85,968",12500,93000,10 Month Plan,SEP,2026
HAIER,LED,H50S81EUX,"101,645",14900,109000,10 Month Plan,SEP,2026
HAIER,LED,H55S81EUX,"119,610",17500,128000,10 Month Plan,SEP,2026
HAIER,LED,H65S81EUX,"181,500",26500,193000,10 Month Plan,SEP,2026
HAIER,LED,H75S81EUX,"256,067",37500,271000,10 Month Plan,SEP,2026
HAIER,Water Dispenser,HDR-TC2C1GB-PK,"38,164",5500,45000,10 Month Plan,SEP,2026
HAIER,Water Dispenser,HDR-TC2C1GS-PK,"38,164",5500,45000,10 Month Plan,SEP,2026
HAIER,Water Dispenser,HDR-TC2C1GR-PK,"38,164",5500,45000,10 Month Plan,SEP,2026
HAIER,Oven,HAF-50DB,"17,946",2900,21500,10 Month Plan,SEP,2026
HAIER,Oven,HAF-50MB,"15,543",2500,18500,10 Month Plan,SEP,2026
HAIER,Oven,HMW-30 AFR,"46,519",6800,53500,10 Month Plan,SEP,2026
HAIER,Oven,HMW-30 AFS,"46,519",6800,53500,10 Month Plan,SEP,2026
HAIER,Oven,HGL-30100 چرغہ ماذل,"40,687",5900,45500,10 Month Plan,SEP,2026
HAIER,Oven,HMW-45DGM,"39,379",5800,45000,10 Month Plan,SEP,2026
HAIER,Oven,HMW-32300B,"32,631",4800,37000,10 Month Plan,SEP,2026
HAIER,Oven,HMW-32300S,"32,631",4800,37000,10 Month Plan,SEP,2026
HAIER,Oven,HMW-28100DG,"30,221",4400,34500,10 Month Plan,SEP,2026
HAIER,Oven,HMW-23200DG,"27,223",4000,31500,10 Month Plan,SEP,2026
HAIER,Oven,HMW-20DGS,"20,379",3000,22500,10 Month Plan,SEP,2026
HAIER,Oven,HMN-62MX80,"44,215",6500,50000,10 Month Plan,SEP,2026
HAIER,Oven,HMW-26MGH,"22,756",3300,25500,10 Month Plan,SEP,2026
HAIER,Oven,HMW-26MBH,"22,360",3300,25500,10 Month Plan,SEP,2026
HAIER,Oven,HMW-25MXP9,"21,029",3100,22500,10 Month Plan,SEP,2026
HAIER,Oven,HMW-20DSS,"16,936",2700,19500,10 Month Plan,SEP,2026
HAIER,Oven,HMW-20MHES,"15,418",2500,18500,10 Month Plan,SEP,2026
HAIER,Oven,HMW-20MX12,"16,275",2600,17900,10 Month Plan,SEP,2026
HAIER,Oven,HMW-20MX11,"15,806",2600,17900,10 Month Plan,SEP,2026
HAIER,Oven,HMW-20MWS,"14,763",2400,16900,10 Month Plan,SEP,2026
HAIER,Oven,HMW-20MBS/MPB/MPS,"13,454",2200,15000,10 Month Plan,SEP,2026
HAIER,Oven,HMW-20MXP3,"13,471",2200,15500,10 Month Plan,SEP,2026
HAIER,Oven,HMW-20SKB ,"14,179",2300,15500,10 Month Plan,SEP,2026
HATACHI,Home Appliances,HATACHI VACCUME CLEANER YL-637 AB,"14,300",2200,,10 Month Plan,SEP,2026
HATACHI,Home Appliances,HITACHI CERMAIC COOKER-03,"6,400",1000,,10 Month Plan,SEP,2026
HATACHI,Home Appliances,HITACHI VACUUM CLEANER VC-962,"14,300",2200,,10 Month Plan,SEP,2026
HATACHI,Home Appliances,HITACHI VACUUM CLEANNER MM-2024,"14,300",2200,,10 Month Plan,SEP,2026
INAYAT,FAN,"INAYAT P/F 24""  INAYAT MODEL  (BLACK GREE SLIVER)","14,750",2300,,10 Month Plan,SEP,2026
INAYAT,FAN,"INAYAT P/F 24"" STANDARD  MODEL (BLACK/GREEN)","13,468",2100,,10 Month Plan,SEP,2026
INAYAT,FAN,"INAYAT P/F 24"" SUPER BLACK 6 BLADE","16,460",2600,,10 Month Plan,SEP,2026
INAYAT,FAN,"INAYAT P/F 24"" SUPER BLACK 4 BLADE","16,145",2500,,10 Month Plan,SEP,2026
INAYAT,FAN,CEILING FAN 56 FAMOUS  AC/DC,"10,380",1600,,10 Month Plan,SEP,2026
INAYAT,FAN,CEILING FAN 56 POPULAR AC/DC,"10,380",1600,,10 Month Plan,SEP,2026
INAYAT,FAN,CEILING FAN 56 BRIGHT  AC/DC,"10,540",1600,,10 Month Plan,SEP,2026
INAYAT,FAN,CEILING FAN 56 HIGH CLASS  AC/DC,"10,540",1600,,10 Month Plan,SEP,2026
INAYAT,FAN,CEILING FAN 56 LASANI  AC/DC,"10,540",1600,,10 Month Plan,SEP,2026
INAYAT,FAN,CEILING FAN 56 ASKRI  AC/DC,"10,540",1600,,10 Month Plan,SEP,2026
INAYAT,FAN,CEILING FAN 56 GRACE  AC/DC,"11,188",1700,,10 Month Plan,SEP,2026
INAYAT,FAN,CEILING FAN 56 ROYAL AC/DC,"13,058",2000,,10 Month Plan,SEP,2026
INAYAT,FAN,CEILING FAN 56 CRYSTAL  AC/DC,"13,037",2000,,10 Month Plan,SEP,2026
INAYAT,FAN,CEILING FAN 56 HIGH CLASS ,"9,935",1500,,10 Month Plan,SEP,2026
INAYAT,FAN,CEILING FAN 56 HIGH CLASS  ANTIQUE,"8,495",1300,,10 Month Plan,SEP,2026
INAYAT,FAN,CEILING FAN 56 GRACE ,"11,218",1700,,10 Month Plan,SEP,2026
INAYAT,FAN,CEILING FAN 56 FAMOUS ,"9,755",1500,,10 Month Plan,SEP,2026
INAYAT,FAN,CEILING FAN 56 PERAL ,"9,755",1500,,10 Month Plan,SEP,2026
INAYAT,FAN,CEILING FAN 56 CROWN ,"9,935",1500,,10 Month Plan,SEP,2026
INAYAT,FAN,CEILING FAN 56 BRIGHT,"9,872",1500,,10 Month Plan,SEP,2026
INAYAT,FAN,CEILING FAN 56 PAPOLAR,"9,755",1500,,10 Month Plan,SEP,2026
INAYAT,FAN,CEILING FAN 56 LASANI 30 WATT INVERTER ,"11,105",1700,,10 Month Plan,SEP,2026
INAYAT,FAN,CEILING FAN 56 ASKRI 30 WATT INVERTER ,"11,105",1700,,10 Month Plan,SEP,2026
INFINIX,Mobile,Smart 20 64+4,"56,000",5600,,10 Month Plan,SEP,2026
INFINIX,Mobile,Samrt 20 128+4,"66,000",6600,,10 Month Plan,SEP,2026
INFINIX,Mobile,Hot 60i 128+6,"83,000",8300,,10 Month Plan,SEP,2026
INFINIX,Mobile,Hot 60i 256+8,"87,000",8700,,10 Month Plan,SEP,2026
INFINIX,Mobile,Hot 60 Pro 128+8,"109,000",10900,,10 Month Plan,SEP,2026
INFINIX,Mobile,Hot 60 Pro+ 256+8,"119,000",11900,,10 Month Plan,SEP,2026
INFINIX,Mobile,Note Edge  256+8,"140,000",14000,,10 Month Plan,SEP,2026
INFINIX,Mobile,Note 60  256+8,"154,000",15400,,10 Month Plan,SEP,2026
INFINIX,Mobile,Note 60 Pro  256+8,"176,000",17600,,10 Month Plan,SEP,2026
INFINIX,Mobile,GT 50 Pro  256+12,"266,000",26600,,10 Month Plan,SEP,2026
INFINIX,Mobile,Note 60 Ultra  256+12,"336,000",33600,,10 Month Plan,SEP,2026
INFINIX,Mobile,HOT 70  6-128,"91,000",9100,,10 Month Plan,SEP,2026
INFINIX,Mobile,HOT 70 Pro  8-128,"122,000",12200,,10 Month Plan,SEP,2026
KENWOOD,Home Appliances,HGS-1121WE,"8,671",1300,,10 Month Plan,SEP,2026
KENWOOD,Home Appliances,HGS-1151BE,"10,581",1600,,10 Month Plan,SEP,2026
KENWOOD,Home Appliances,HGS-2152WE,"17,013",2600,,10 Month Plan,SEP,2026
KENWOOD,Home Appliances,HGS-2202WE,"23,545",3600,,10 Month Plan,SEP,2026
KENWOOD,Home Appliances,HAP-251DWB,"30,982",4800,,10 Month Plan,SEP,2026
KENWOOD,Home Appliances,HAP-403DWB,"47,866",7400,,10 Month Plan,SEP,2026
KENWOOD,Home Appliances,HHM-402B0,"9,576",1500,,10 Month Plan,SEP,2026
KENWOOD,Home Appliances,HHM-302A0,"10,782",1700,,10 Month Plan,SEP,2026
KENWOOD,Home Appliances,HHB-402B0,"10,782",1700,,10 Month Plan,SEP,2026
KENWOOD,Home Appliances,HEB-403B0,"13,797",2100,,10 Month Plan,SEP,2026
KENWOOD,Home Appliances,HHB-604A0,"16,812",2600,,10 Month Plan,SEP,2026
KENWOOD,Home Appliances,HTB-604A0,"15,807",2500,,10 Month Plan,SEP,2026
KENWOOD,Home Appliances,HTB-604B0,"15,807",2500,,10 Month Plan,SEP,2026
KENWOOD,Home Appliances,HTB-604B1,"15,807",2500,,10 Month Plan,SEP,2026
KENWOOD,Home Appliances,HTB-604A1,"15,807",2500,,10 Month Plan,SEP,2026
KENWOOD,Home Appliances,HAF-4LMB0,"27,666",4300,,10 Month Plan,SEP,2026
KENWOOD,Home Appliances,HAF-5LDB0,"42,077",6500,,10 Month Plan,SEP,2026
KENWOOD,Home Appliances,HKT-1817B0,"9,073",1400,,10 Month Plan,SEP,2026
KENWOOD,Home Appliances,HKT-1817SSB0,"9,576",1500,,10 Month Plan,SEP,2026
KENWOOD,Home Appliances,HHP-220DB0,"16,771",2600,,10 Month Plan,SEP,2026
KENWOOD,Home Appliances,HTT-902B0,"8,872",1400,,10 Month Plan,SEP,2026
KENWOOD,Home Appliances,HTT-902SSB0,"11,184",1700,,10 Month Plan,SEP,2026
KENWOOD,Home Appliances,HPJ-504A0,"24,460",3800,,10 Month Plan,SEP,2026
KENWOOD,Home Appliances,HCJ-090A0,"10,782",1700,,10 Month Plan,SEP,2026
KENWOOD,Home Appliances,HDI-1201D0,"6,309",1000,,10 Month Plan,SEP,2026
KENWOOD,Home Appliances,HDI-1202D0,"9,083",1400,,10 Month Plan,SEP,2026
KENWOOD,Home Appliances,HKM-103A0,"46,560",7200,,10 Month Plan,SEP,2026
KENWOOD,Home Appliances,HCH-401A0,"10,179",1600,,10 Month Plan,SEP,2026
KENWOOD,Home Appliances,HFP-711A0,"28,942",4500,,10 Month Plan,SEP,2026
KENWOOD,Home Appliances,HFP-711A1,"28,942",4500,,10 Month Plan,SEP,2026
KENWOOD,Home Appliances,HFP-107A0,"35,565",5500,,10 Month Plan,SEP,2026
KENWOOD,Home Appliances,HSM-702C0,"103,352",16000,,10 Month Plan,SEP,2026
KENWOOD,Home Appliances,HSM-703C0,"11,184",1700,,10 Month Plan,SEP,2026
KENWOOD,Home Appliances,HSM-704C0,"13,294",2100,,10 Month Plan,SEP,2026
KENWOOD,Refrigerator,KRF-22257  New Classic Plus (VCM),"72,285",10100,,10 Month Plan,SEP,2026
KENWOOD,Refrigerator,KRF-23357 New Classic Plus (VCM),"79,722",11100,,10 Month Plan,SEP,2026
KENWOOD,Refrigerator,Kf2F-24457 New Classic Plus (VCM),"87,963",12300,,10 Month Plan,SEP,2026
KENWOOD,Refrigerator,KRF-25557 New Classic Plus (VCM),"98,716",13800,,10 Month Plan,SEP,2026
KENWOOD,Refrigerator,KRF-26657 New Classic Plus (VCM),"106,957",14900,,10 Month Plan,SEP,2026
KENWOOD,Refrigerator,KRF-22257 New  Persona Plus (GD),"78,717",11000,,10 Month Plan,SEP,2026
KENWOOD,Refrigerator,KRF-23357 New  Persona Plus (GD),"87,963",12300,,10 Month Plan,SEP,2026
KENWOOD,Refrigerator,KRF-24457 New  Persona Plus (GD),"101,530",14100,,10 Month Plan,SEP,2026
KENWOOD,Refrigerator,KRF-25557 New  Persona Plus (GD),"112,464",15700,,10 Month Plan,SEP,2026
KENWOOD,Refrigerator,KRF-26657 New  Persona Plus (GD),"121,429",16900,,10 Month Plan,SEP,2026
KENWOOD,Refrigerator,KRF-23357  I GD-Inverter” ,"97,912",13600,,10 Month Plan,SEP,2026
KENWOOD,Refrigerator,KRF-24457  I GD-Inverter ,"108,666",15100,,10 Month Plan,SEP,2026
KENWOOD,Refrigerator,KRF-25557  I GD-Inverter ,"120,324",16700,,10 Month Plan,SEP,2026
KENWOOD,Refrigerator,KRF-26657 I GD-Inverter ,"128,967",17900,,10 Month Plan,SEP,2026
KENWOOD,Refrigerator,KRF-23357  I VCM-Inverter” ,"88,365",12300,,10 Month Plan,SEP,2026
KENWOOD,Refrigerator,KRF-24457  I VCM-Inverter ,"97,812",13600,,10 Month Plan,SEP,2026
KENWOOD,Refrigerator,KRF-25557  I VCM-Inverter ,"109,369",15200,,10 Month Plan,SEP,2026
KENWOOD,Refrigerator,KRF-26657  I VCM-Inverter ,"118,716",16500,,10 Month Plan,SEP,2026
KENWOOD,Refrigerator,KRF-24557 INV R-310 SMART INVERTER (GD),"119,319",16600,,10 Month Plan,SEP,2026
KENWOOD,Refrigerator,KRF-25657 INV R-410 SMART INVERTER (GD),"129,570",18000,,10 Month Plan,SEP,2026
KENWOOD,Refrigerator,KRF-26757 INV R-450 SMART INVERTER (GD),"136,203",18900,,10 Month Plan,SEP,2026
KENWOOD,Refrigerator,KRF-27857 INV R-550 SMART INVERTER (GD),"143,841",20000,,10 Month Plan,SEP,2026
KENWOOD,Refrigerator,HR-47452 INV R-310 TECH INVERTER (GD),"118,012",16400,,10 Month Plan,SEP,2026
KENWOOD,Refrigerator,HR-47562 INV R-410 TECH INVERTER (GD),"128,163",17800,,10 Month Plan,SEP,2026
KENWOOD,Refrigerator,HR-47672 INV R-450 TECH INVERTER (GD),"134,896",18800,,10 Month Plan,SEP,2026
KENWOOD,Refrigerator,HR-47782 INV R-550 TECH INVERTER (GD),"142,534",19800,,10 Month Plan,SEP,2026
KENWOOD,AC,KEN-1276S eNova Pro,"105,601",14300,,10 Month Plan,SEP,2026
KENWOOD,AC,KEN-1876S eNova Pro,"135,139",18300,,10 Month Plan,SEP,2026
KENWOOD,AC,KEN-2476S eNova Pro,"185,052",25000,,10 Month Plan,SEP,2026
KENWOOD,AC,KES-2462S SUPREME PRO 60% R32,"221,121",29900,,10 Month Plan,SEP,2026
KENWOOD,AC,KES-12735 Inverter -E Serene 60%,"120,125",16300,,10 Month Plan,SEP,2026
KENWOOD,AC,KES-18735 Inverter- E Serene 60%,"147,811",20000,,10 Month Plan,SEP,2026
KENWOOD,AC,KES-2473S Inverter- E Serene 60%,"221,121",29900,,10 Month Plan,SEP,2026
KENWOOD,AC,KEN-1274S Inverter -E Nexus 60%,"120,125",16300,,10 Month Plan,SEP,2026
KENWOOD,AC,KEN-1874S Inverter- E Nexus 60%,"147,811",20000,,10 Month Plan,SEP,2026
KENWOOD,AC,KEN-24745 Inverter- E Nexus 60%,"221,121",29900,,10 Month Plan,SEP,2026
KENWOOD,AC,KEO-1275S Inverter -E Oasis 60%,"120,125",16300,,10 Month Plan,SEP,2026
KENWOOD,AC,KEO-18755 Inverter- E Oasis 60%,"147,811",20000,,10 Month Plan,SEP,2026
KENWOOD,AC,KEO-2475S Inverter- E Oasis 60%,"221,121",29900,,10 Month Plan,SEP,2026
KENWOOD,AC,KEL-12705 INVERTER eLuxury Pro Upto 75% T3,"137,479",18600,,10 Month Plan,SEP,2026
KENWOOD,AC,KEL-18705 INVERTER eLuxury Pro Upto 75% T3,"179,593",24300,,10 Month Plan,SEP,2026
KENWOOD,AC,KEL-2470S INVERTER eLuxury Pro Upto 75% T3,"249,294",33700,,10 Month Plan,SEP,2026
KENWOOD,AC,KEL-12715 INVERTER eLuxury Plus,"137,479",18600,,10 Month Plan,SEP,2026
KENWOOD,AC,KEL-1871S INVERTER eLuxury Plus,"179,593",24300,,10 Month Plan,SEP,2026
KENWOOD,AC,KES-1266S E-SMART OYNX,"148,786",20200,,10 Month Plan,SEP,2026
KENWOOD,AC,KES-1866S E-SMART OYNX,"223,656",30300,,10 Month Plan,SEP,2026
KENWOOD,AC,KES-1272S INVERTER eSmart Pura,"157,756",21400,,10 Month Plan,SEP,2026
KENWOOD,AC,KES-18725 INVERTER eSmart Pura,"234,964",31800,,10 Month Plan,SEP,2026
KENWOOD,AC,KEC-1267S COMFORT PRO,"137,479",18600,,10 Month Plan,SEP,2026
KENWOOD,AC,KEC-1867S COMFORT PRO,"179,593",24300,,10 Month Plan,SEP,2026
KENWOOD,AC,HGS-12135 GRANDE,"132,896",18000,,10 Month Plan,SEP,2026
KENWOOD,AC,HGS-24135 GRANDE,"221,121",29900,,10 Month Plan,SEP,2026
KENWOOD,AC,HCS-1221S INVERTER Classic,"114,862",15600,,10 Month Plan,SEP,2026
KENWOOD,AC,HCS-1821S INVERTER Classic,"142,741",19300,,10 Month Plan,SEP,2026
KENWOOD,AC,HCS-2421S INVERTER Classic,"216,344",29300,,10 Month Plan,SEP,2026
KENWOOD,AC,HSC-12205 INVERTER Smart Cool,"144,886",19600,,10 Month Plan,SEP,2026
KENWOOD,AC,HSC-1820S INVERTER Smart Cool,"214,979",29100,,10 Month Plan,SEP,2026
KENWOOD,AC,2226 Inverter- Element Ultra,"128,316",17400,,10 Month Plan,SEP,2026
KENWOOD,AC,sLES 48225 Inverter- Element Ultra,"160,874",21800,,10 Month Plan,SEP,2026
LOCAL,Home Appliances,RAF CHOPPER 014 (NEW),"5,200",800,,10 Month Plan,SEP,2026
LOCAL,Home Appliances,AC Cover,"2,200",300,,10 Month Plan,SEP,2026
LOCAL,Home Appliances,BLENDER 2IN1 AZ-25,"8,000",1200,,10 Month Plan,SEP,2026
LOCAL,Home Appliances,DOUGH MACHINE 1500,"12,500",1900,,10 Month Plan,SEP,2026
LOCAL,Home Appliances,Hot plate GL- 3528,"14,000",2200,,10 Month Plan,SEP,2026
LOCAL,Home Appliances,ELECTROLUX HOT PLATE 8098,"6,500",1000,,10 Month Plan,SEP,2026
LOCAL,Home Appliances,GARMENT STEAMER HAND HELD,"7,500",1200,,10 Month Plan,SEP,2026
LOCAL,Home Appliances,HAIR DRYER REMINGTON R-951,"3,600",600,,10 Month Plan,SEP,2026
LOCAL,Home Appliances,HAIR STRAIGHTNER 333,"4,000",600,,10 Month Plan,SEP,2026
LOCAL,Home Appliances,HAND STEAMER G-358,"20,300",3100,,10 Month Plan,SEP,2026
LOCAL,Home Appliances,HOME ROTI MAKER 1222,"14,700",2300,,10 Month Plan,SEP,2026
LOCAL,Home Appliances,HOT PLATE 601,"6,200",1000,,10 Month Plan,SEP,2026
LOCAL,Home Appliances,HOT PLATE SINGLE A 9020,"6,700",1000,,10 Month Plan,SEP,2026
LOCAL,Home Appliances,HSM-704C0 SANDWICH MAKER,"14,600",2300,,10 Month Plan,SEP,2026
LOCAL,Home Appliances,KEMEI HAIR DRYER 954,"3,600",600,,10 Month Plan,SEP,2026
LOCAL,Home Appliances,NATIONAL JUISER-101 2IN1,"4,600",700,,10 Month Plan,SEP,2026
LOCAL,Home Appliances,OXFORD CHOPPER 1088 (New),"9,000",1300,,10 Month Plan,SEP,2026
LOCAL,Home Appliances,RAF CRYSTAL PLATE R-8019,"6,700",1000,,10 Month Plan,SEP,2026
LOCAL,Home Appliances,RAF FOOD FECTORY 11IN1 RF-1104,"13,200",2000,,10 Month Plan,SEP,2026
LOCAL,Home Appliances,RAF KETTLE 711,"3,050",500,,10 Month Plan,SEP,2026
LOCAL,Home Appliances,REMINGON HAIR DRYER 672,"3,200",500,,10 Month Plan,SEP,2026
LOCAL,Home Appliances,REMINGON HAIR STRAIGHTER 3312,"4,200",700,,10 Month Plan,SEP,2026
LOCAL,Home Appliances,REMINGTON  STRAIGHTENER RM-329,"3,800",600,,10 Month Plan,SEP,2026
LOCAL,Home Appliances,REMINGTON 952 DRAYER,"3,600",600,,10 Month Plan,SEP,2026
LOCAL,Home Appliances,REMINGTON HAIER STRAIGNTER-4982,"4,000",600,,10 Month Plan,SEP,2026
LOCAL,Home Appliances,REMINGTON HAIER STRAIGTNER-2503,"4,400",700,,10 Month Plan,SEP,2026
LOCAL,Home Appliances,REMINGTON HAIER STRAIGTNER-444,"4,000",600,,10 Month Plan,SEP,2026
LOCAL,Home Appliances,REMINGTON HAIER STRAIGTNER-980F,"3,600",600,,10 Month Plan,SEP,2026
LOCAL,Home Appliances,ROTI MAKER ROUGH 509,"10,600",1600,,10 Month Plan,SEP,2026
LOCAL,Home Appliances,Roti Maker ST-226,"8,200",1300,,10 Month Plan,SEP,2026
LOCAL,Home Appliances,Sandwich Toaster PT-16025,"3,800",600,,10 Month Plan,SEP,2026
LOCAL,Home Appliances,Sandwitch Maker Severin SA2971,"10,900",1700,,10 Month Plan,SEP,2026
LOCAL,Home Appliances,SENCOR STICK BLANDER SHB-4365,"8,500",1300,,10 Month Plan,SEP,2026
LOCAL,Home Appliances,SILVER CREST HOT PLATE,"14,000",2200,,10 Month Plan,SEP,2026
LOCAL,Home Appliances,SILVER CREST KETTLE SC-918,"3,500",500,,10 Month Plan,SEP,2026
LOCAL,Home Appliances,SLICE CREST TOASERT,"6,500",1000,,10 Month Plan,SEP,2026
LOCAL,Home Appliances,Spectra Flour Needing MC QK-1500,"12,200",1900,,10 Month Plan,SEP,2026
LOCAL,Home Appliances,STEAMER 618,"16,500",2600,,10 Month Plan,SEP,2026
LOCAL,Home Appliances,Tawa Large non-stick,"3,400",500,,10 Month Plan,SEP,2026
LOCAL,Home Appliances,Blander Molinex 2in1 531,"4,300",700,,10 Month Plan,SEP,2026
LOCAL,Home Appliances,Juicer Orange 3 in 1 NR-701,"7,800",1200,,10 Month Plan,SEP,2026
LOCAL,Home Appliances,Juicer Orange 4in1 NR703,"8,200",1300,,10 Month Plan,SEP,2026
NATIONAL,Home Appliances,NR-313,"4,450",600,,10 Month Plan,SEP,2026
NATIONAL,Home Appliances,NATIONAL KETTLE STEEL,"3,650",500,,10 Month Plan,SEP,2026
NATIONAL,Home Appliances,Blander National 2in1 VIP-204,"7,600",1200,,10 Month Plan,SEP,2026
NATIONAL,Home Appliances,BLENDER NATIONAL 106,"4,400",700,,10 Month Plan,SEP,2026
NATIONAL,Home Appliances,Blender National HD101,"4,600",700,,10 Month Plan,SEP,2026
NATIONAL,Home Appliances,Hand Blender National NS-554,"5,700",900,,10 Month Plan,SEP,2026
NATIONAL,Home Appliances,Iron National RPL-007,"4,000",600,,10 Month Plan,SEP,2026
NATIONAL,Home Appliances,Juicer National 2 in 1 KN111,"4,400",700,,10 Month Plan,SEP,2026
NATIONAL,Home Appliances,Juicer National 4 in 1 MJ 6664,"7,300",1100,,10 Month Plan,SEP,2026
NATIONAL,Home Appliances,KETTLE NATIONAL 2.5L,"3,700",600,,10 Month Plan,SEP,2026
NATIONAL,Home Appliances,NATION RAF FOOD FACTORY 11IN1 1104,"13,500",2100,,10 Month Plan,SEP,2026
NATIONAL,Home Appliances,National A.E.C 3IN1 A-207 VIP,"9,300",1400,,10 Month Plan,SEP,2026
NATIONAL,Home Appliances,NATIONAL AIR FRAYER 670,"20,500",3200,,10 Month Plan,SEP,2026
NATIONAL,Home Appliances,NATIONAL AIR FRYER AF-339,"16,000",2500,,10 Month Plan,SEP,2026
NATIONAL,Home Appliances,NATIONAL BLANDER 2IN1 FR-106,"3,700",600,,10 Month Plan,SEP,2026
NATIONAL,Home Appliances,NATIONAL BLANDER 2IN1 MT-970,"3,700",600,,10 Month Plan,SEP,2026
NATIONAL,Home Appliances,National Blender 2 in 1 HJ 101,"4,600",700,,10 Month Plan,SEP,2026
NATIONAL,Home Appliances,National Blender 2in1 101,"4,600",700,,10 Month Plan,SEP,2026
NATIONAL,Home Appliances,NATIONAL BLENDER HB 802,"9,000",1400,,10 Month Plan,SEP,2026
NATIONAL,Home Appliances,NATIONAL CHOPPER 552,"8,700",1300,,10 Month Plan,SEP,2026
NATIONAL,Home Appliances,NATIONAL CITRUS 182 PRESS,"5,800",900,,10 Month Plan,SEP,2026
NATIONAL,Home Appliances,NATIONAL HAND MIXER 2757,"3,500",500,,10 Month Plan,SEP,2026
NATIONAL,Home Appliances,NATIONAL IRON 927,"4,600",700,,10 Month Plan,SEP,2026
NATIONAL,Home Appliances,NATIONAL IRON NR 17,"4,300",700,,10 Month Plan,SEP,2026
NATIONAL,Home Appliances,NATIONAL IRON NR-11,"4,300",700,,10 Month Plan,SEP,2026
NATIONAL,Home Appliances,National Juicer 3IN1 666,"6,650",1000,,10 Month Plan,SEP,2026
NATIONAL,Home Appliances,National Juicer 3in1 901,"6,300",1000,,10 Month Plan,SEP,2026
NATIONAL,Home Appliances,NATIONAL JUICER 3IN1 JB-222,"9,700",1500,,10 Month Plan,SEP,2026
NATIONAL,Home Appliances,NATIONAL JUICER 3IN1 ND-180,"10,500",1600,,10 Month Plan,SEP,2026
NATIONAL,Home Appliances,NATIONAL KETTLE DOUBLE BODY 417,"3,700",600,,10 Month Plan,SEP,2026
NATIONAL,Home Appliances,NATIONAL S/M HJ-105,"4,600",700,,10 Month Plan,SEP,2026
NATIONAL,Home Appliances,NATIONAL VACCUME CLEANER 326B,"18,000",2800,,10 Month Plan,SEP,2026
NATIONAL,Home Appliances,NATIONAL VACUME CLEANER ND-321,"17,500",2700,,10 Month Plan,SEP,2026
NATIONAL,Home Appliances,NR-313,"4,500",700,,10 Month Plan,SEP,2026
NATIONAL,Home Appliances,SANDWICH MAKER NATIONAL 512,"4,500",700,,10 Month Plan,SEP,2026
OPPO,Mobile,RENO 15 PRO 12/512,"350,000",35000,,10 Month Plan,SEP,2026
OPPO,Mobile,RENO 15 12/512,"266,000",26600,,10 Month Plan,SEP,2026
OPPO,Mobile,RENO 15 12/256,"252,000",25200,,10 Month Plan,SEP,2026
OPPO,Mobile,RENO 15F 8/256,"189,000",18900,,10 Month Plan,SEP,2026
OPPO,Mobile,A6-S PRO 8/256,"168,000",16800,,10 Month Plan,SEP,2026
OPPO,Mobile,A6-S 8/256,"140,000",14000,,10 Month Plan,SEP,2026
OPPO,Mobile,A6-K 4/128,"80,000",8000,,10 Month Plan,SEP,2026
OPPO,Mobile,A6-K 6/128,"98,000",9800,,10 Month Plan,SEP,2026
OPPO,Mobile,A6-K 8/128,"101,000",10100,,10 Month Plan,SEP,2026
OPPO,Mobile,A-6 8/256,"126,000",12600,,10 Month Plan,SEP,2026
OPPO,Mobile,A-6 8/128,"105,000",10500,,10 Month Plan,SEP,2026
OPPO,Mobile,A6-C 4/128,"78,000",7800,,10 Month Plan,SEP,2026
OPPO,Mobile,A6-C 4+64,"62,000",6200,,10 Month Plan,SEP,2026
OPPO,Mobile,A6-X 4/128,"62,000",6200,,10 Month Plan,SEP,2026
PANASONIC,Home Appliances,Air Fryer Panasonic 2010,"16,000",2500,,10 Month Plan,SEP,2026
PANASONIC,Home Appliances,AIR FRYER PANASONIC 5040AF,"18,000",2800,,10 Month Plan,SEP,2026
PANASONIC,Home Appliances,Blender Clasic Panasonic 2in1 661,"4,600",700,,10 Month Plan,SEP,2026
PANASONIC,Home Appliances,Blender Clasic Panasonic 2in1 HJ-331,"5,100",800,,10 Month Plan,SEP,2026
PANASONIC,Home Appliances,Choper Panasonic MJ-2050,"7,300",1100,,10 Month Plan,SEP,2026
PANASONIC,Home Appliances,Egg Beater Panasonic MJ-123,"5,800",900,,10 Month Plan,SEP,2026
PANASONIC,Home Appliances,Electric Kettle Panasonic A-404,"4,300",700,,10 Month Plan,SEP,2026
PANASONIC,Home Appliances,FOOD FACTORY PANASONIC MJ-1002,"17,000",2600,,10 Month Plan,SEP,2026
PANASONIC,Home Appliances,Iron Panasonic KHR-2517,"4,500",700,,10 Month Plan,SEP,2026
PANASONIC,Home Appliances,PANASONIC 2 IN 1 FR-106,"4,200",700,,10 Month Plan,SEP,2026
PANASONIC,Home Appliances,panasonic 4 in 1 mj-1764,"7,100",1100,,10 Month Plan,SEP,2026
PANASONIC,Home Appliances,PANASONIC AIR FRYER 9735,"18,700",2900,,10 Month Plan,SEP,2026
PANASONIC,Home Appliances,PANASONIC BY CRESCENT,"3,400",500,,10 Month Plan,SEP,2026
PANASONIC,Home Appliances,PANASONIC CHOPPER 620,"9,100",1400,,10 Month Plan,SEP,2026
PANASONIC,Home Appliances,PANASONIC DRY IRON NR-12,"4,300",700,,10 Month Plan,SEP,2026
PANASONIC,Home Appliances,Panasonic F/Factory MJ-1000,"12,100",1900,,10 Month Plan,SEP,2026
PANASONIC,Home Appliances,PANASONIC FOOD FACTORY 7IN1 1000,"12,300",1900,,10 Month Plan,SEP,2026
PANASONIC,Home Appliances,PANASONIC FOOD FACTORY 7IN1 1940,"13,200",2000,,10 Month Plan,SEP,2026
PANASONIC,Home Appliances,Panasonic Food Factory MJ-140P,"11,900",1800,,10 Month Plan,SEP,2026
PANASONIC,Home Appliances,PANASONIC HAIER DRYER-4400,"3,600",600,,10 Month Plan,SEP,2026
PANASONIC,Home Appliances,PANASONIC IRON NI-22AWT,"5,100",800,,10 Month Plan,SEP,2026
PANASONIC,Home Appliances,Panasonic Iron NR-25,"4,500",700,,10 Month Plan,SEP,2026
PANASONIC,Home Appliances,Panasonic Juicer 3in1 176P,"6,650",1000,,10 Month Plan,SEP,2026
PANASONIC,Home Appliances,Panasonic Juicer 716 White 2 in 1,"4,200",700,,10 Month Plan,SEP,2026
PANASONIC,Home Appliances,PANASONIC JUICER MJ-25,"6,000",900,,10 Month Plan,SEP,2026
PANASONIC,Home Appliances,PANASONIC KETTLE 007,"4,200",700,,10 Month Plan,SEP,2026
PANASONIC,Home Appliances,Panasonic Kettle PA-0003,"4,500",700,,10 Month Plan,SEP,2026
PANASONIC,Home Appliances,PANASONIC MEAT CHOPPER & CUTTER MJ-2060,"7,200",1100,,10 Month Plan,SEP,2026
PANASONIC,Home Appliances,PANASONIC MEAT GRINTER MK-MG-1250,"12,500",1900,,10 Month Plan,SEP,2026
PANASONIC,Home Appliances,PANASONIC S/M HJ 669,"4,600",700,,10 Month Plan,SEP,2026
PANASONIC,Home Appliances,PANASONIC STEAM IRON GS-6595,"19,500",3000,,10 Month Plan,SEP,2026
PANASONIC,Home Appliances,PANASONIC VACUUM CLEANER VC962,"14,300",2200,,10 Month Plan,SEP,2026
PANASONIC,Home Appliances,PANASONIC VACUUM CLEANER-637,"16,500",2600,,10 Month Plan,SEP,2026
PANASONIC,Home Appliances,PANASONICS DELUXE GRINDER MJ-406,"4,300",700,,10 Month Plan,SEP,2026
PANASONIC,Home Appliances,PANASONICS IRON VIP 3264,"5,100",800,,10 Month Plan,SEP,2026
PEL,Refrigerator,PRLP-1100,"42,327",5800,,10 Month Plan,SEP,2026
PEL,Refrigerator,PRLP-1400,"47,437",6500,,10 Month Plan,SEP,2026
PEL,Refrigerator,PRLP- 2000,"58,676",8100,,10 Month Plan,SEP,2026
PEL,Refrigerator,PRLP- 2200,"64,296",8900,,10 Month Plan,SEP,2026
PEL,Refrigerator,PRLP- 2350,"72,464",10000,,10 Month Plan,SEP,2026
PEL,Refrigerator,PRLP- 2550,"75,415",10400,,10 Month Plan,SEP,2026
PEL,Refrigerator,PRLP- 6360,"82,065",11300,,10 Month Plan,SEP,2026
PEL,Refrigerator,PRLP- 6460,"85,018",11700,,10 Month Plan,SEP,2026
PEL,Refrigerator,PRLP- 21860,"92,416",12800,,10 Month Plan,SEP,2026
PEL,Refrigerator,PRLP- 22260,"95,338",13200,,10 Month Plan,SEP,2026
PEL,Deep Freezer,PDF70 - 100 - Arctic Pro Freeze/extended,"71,710",10200,,10 Month Plan,SEP,2026
PEL,Deep Freezer,PDF70 - 130 - Arctic Pro Freeze/extended,"79,579",11300,,10 Month Plan,SEP,2026
PEL,Deep Freezer,PDF70 - 150 - Arctic Pro Freeze/extended,"87,429",12400,,10 Month Plan,SEP,2026
PEL,Deep Freezer,PDF70 - 155 - Arctic Pro Freeze/extended,"88,899",12600,,10 Month Plan,SEP,2026
PEL,Deep Freezer,PDIN70 - 100 - Arctic Inverteron,"78,609",11200,,10 Month Plan,SEP,2026
PEL,Deep Freezer,PDIN70 - 130 - Arctic Inverteron,"86,478",12300,,10 Month Plan,SEP,2026
PEL,Deep Freezer,PDIN70 - 150 - Arctic Inverteron,"94,328",13400,,10 Month Plan,SEP,2026
PEL,Deep Freezer,PDIN70 - 180 - Arctic Inverteron,"104,164",14800,,10 Month Plan,SEP,2026
PEL,Deep Freezer,PDIN70 - 155 - Arctic Inverteron,"95,794",13600,,10 Month Plan,SEP,2026
PEL,Deep Freezer,PVF-6D-VCM,"79,784",11300,,10 Month Plan,SEP,2026
PEL,Deep Freezer,PVF-7D-VCM,"84,314",12000,,10 Month Plan,SEP,2026
PEL,Deep Freezer,PVFINV-6D GD,"96,578",13700,,10 Month Plan,SEP,2026
PEL,Deep Freezer,PVFINV-7D GD,"100,224",14200,,10 Month Plan,SEP,2026
PEL,AC,12-K COOL BREEZE (INV COOL ONLY),"91,204",12700,,10 Month Plan,SEP,2026
PEL,AC,18-K COOL BREEZE (INV COOL ONLY),"114,633",15900,,10 Month Plan,SEP,2026
PEL,AC,12-K COOL PRO (INV COOL ONLY),"94,114",13100,,10 Month Plan,SEP,2026
PEL,AC,18-K COOL PRO (INV COOL ONLY),"116,601",16200,,10 Month Plan,SEP,2026
PEL,AC,12-K ATOM (H&C),"98,898",13700,,10 Month Plan,SEP,2026
PEL,AC,18-K ATOM (H&C),"118,011",16400,,10 Month Plan,SEP,2026
PEL,AC,12-K ACE PRO (H&C),"100,904",14000,,10 Month Plan,SEP,2026
PEL,AC,18-K ACE PRO (H&C),"120,056",16600,,10 Month Plan,SEP,2026
PEL,AC,12-K AERO EXTENDED (H&C),"104,415",14500,,10 Month Plan,SEP,2026
PEL,AC,18-K AERO EXTENDED (H&C),"129,005",17900,,10 Month Plan,SEP,2026
PEL,AC,12-K SUBLIME NEO T3 (H&C) ,"111,338",15400,,10 Month Plan,SEP,2026
PEL,AC,18-K SUBLIME NEO T3 (H&C) ,"138,321",19200,,10 Month Plan,SEP,2026
PEL,AC,12-K FIT GRAPHITE T3 (H&C),"116,701",16200,,10 Month Plan,SEP,2026
PEL,AC,18-K FIT GRAPHITE T3 (H&C),"147,136",20400,,10 Month Plan,SEP,2026
PEL,AC,24-K FIT GRAPHITE T3 (H&C),"201,138",27800,,10 Month Plan,SEP,2026
PEL,AC,12-K TURBO ULTIMATE T3 (H&C),"116,200",16100,,10 Month Plan,SEP,2026
PEL,AC,18-K TURBO ULTIMATE T3 (H&C),"147,600",20400,,10 Month Plan,SEP,2026
PEL,AC,24-K TURBO ULTIMATE T3 (H&C),"205,037",28400,,10 Month Plan,SEP,2026
PEL,AC,12-K JUMBO COOL T3 (H&C) BLACK,"119,689",16600,,10 Month Plan,SEP,2026
PEL,AC,18-K JUMBO COOL T3 (H&C) BLACK,"151,088",20900,,10 Month Plan,SEP,2026
PEL,AC,24-K JUMBO COOL T3 (H&C) BLACK,"200,174",27700,,10 Month Plan,SEP,2026
PEL,AC,12-K JUMBO PRO T3 (H&C) BLACK,"121,656",16900,,10 Month Plan,SEP,2026
PEL,AC,18-K JUMBO PRO T3 (H&C) BLACK,"158,957",22000,,10 Month Plan,SEP,2026
PEL,AC,12-K JUMBO X T3 (H&C) BLACK,"120,578",16700,,10 Month Plan,SEP,2026
PEL,AC,18-K JUMBO X T3 (H&C) BLACK,"155,854",21600,,10 Month Plan,SEP,2026
PEL,AC,24-K JUMBO X T3 (H&C) BLACK,"200,004",27700,,10 Month Plan,SEP,2026
PEL,AC,24-K PRISMO T3 (H&C),"196,620",27200,,10 Month Plan,SEP,2026
PEL,AC,24-K FIT COOL T3 (H&C),"196,620",27200,,10 Month Plan,SEP,2026
PEL,AC,12-K JUMBO PRIME T3 WIFI PLUS (H&C),"126,537",17500,,10 Month Plan,SEP,2026
PEL,AC,18-K JUMBO PRIME T3 WIFI PLUS(H&C),"164,842",22800,,10 Month Plan,SEP,2026
PEL,AC,12-K JUMBO PRIME T3 WIFI (H&C),"126,537",17500,,10 Month Plan,SEP,2026
PEL,AC,18-K JUMBO PRIME T3 WIFI (H&C),"166,846",23100,,10 Month Plan,SEP,2026
PEL,AC,24-K JUMBO PRIME T3 WIFI (H&C),"214,002",29600,,10 Month Plan,SEP,2026
PEL,CAC,PFSAC-24K Bold+INV (Heat & Cool),"249,705",34500,,10 Month Plan,SEP,2026
PEL,CAC,PFSAC-24K Supreme R INV (Heat & Cool),"268,190",37000,,10 Month Plan,SEP,2026
PEL,Oven,PMO - 20 W/B Clasic,"15,042",2100,,10 Month Plan,SEP,2026
PEL,Oven,PMO - 20 BH Clasic Plus,"15,247",2100,,10 Month Plan,SEP,2026
PEL,Oven,PMO - 23 SLM Silver Line,"23,524",3200,,10 Month Plan,SEP,2026
PEL,Oven,PMO - 23 SLD Silver Line,"25,056",3500,,10 Month Plan,SEP,2026
PEL,Oven,PMO - 23 Desire,"27,100",3700,,10 Month Plan,SEP,2026
PEL,Oven,PMO 23 CHEF,"27,100",3700,,10 Month Plan,SEP,2026
PEL,Oven,PMO 25 CONVECTION,"35,274",4900,,10 Month Plan,SEP,2026
PEL,Oven,PMO 30 CONVECTION,"37,316",5100,,10 Month Plan,SEP,2026
PEL,Oven,PMO 26 DESIRE,"29,655",4100,,10 Month Plan,SEP,2026
PEL,Oven,PMO 30 DESIRE,"33,230",4600,,10 Month Plan,SEP,2026
PEL,Oven,PMO 26 CHEF,"30,165",4200,,10 Month Plan,SEP,2026
PEL,Oven,PMO 30 BG,"31,185",4300,,10 Month Plan,SEP,2026
PEL,Oven,PMO 23 GRILL,"27,611",3800,,10 Month Plan,SEP,2026
PEL,Oven,PMO 26 CONV+AIR FRYER,"41,404",5700,,10 Month Plan,SEP,2026
PEL,Oven,PMO 28 GRILL,"30,165",4200,,10 Month Plan,SEP,2026
PEL,Oven,PMO 30 INV CONV+AIR FRYER,"53,664",7400,,10 Month Plan,SEP,2026
PEL,Water Dispenser,PWD 115 TT (TABLE TOP BASIC),"26,898",3700,,10 Month Plan,SEP,2026
PEL,Water Dispenser,PWD 215 Pearl Basic,"30,984",4300,,10 Month Plan,SEP,2026
PEL,Water Dispenser,PWD 315 Smart,"32,518",4500,,10 Month Plan,SEP,2026
PEL,Water Dispenser,PWD 316 Premier,"34,051",4700,,10 Month Plan,SEP,2026
PEL,Water Dispenser,425 STRAIGHT GD 3-T-NEW MODEL,"36,095",5000,,10 Month Plan,SEP,2026
PEL,Water Dispenser,PCWD 525 Curved Glass Door 3-T-NEW MODEL,"37,117",5100,,10 Month Plan,SEP,2026
PEL,Washing Machine,PAWM - 900 Fully Auto Soft,"55,718",7700,,10 Month Plan,SEP,2026
PEL,Washing Machine,PAWM - 900i Fully Auto Smart,"61,850",8500,,10 Month Plan,SEP,2026
PEL,Washing Machine,PAWM - 1100 Fully Auto Soft,"71,047",9800,,10 Month Plan,SEP,2026
PEL,Washing Machine,PAWM - 1100i Fully Auto Smart,"76,157",10500,,10 Month Plan,SEP,2026
PEL,Washing Machine,PWMS - 8050 Washer,"22,097",3000,,10 Month Plan,SEP,2026
PEL,Washing Machine,PWMS - 1250 Washer,"25,163",3500,,10 Month Plan,SEP,2026
PEL,Washing Machine,PWM - 1050 Semi Auto White,"35,892",5000,,10 Month Plan,SEP,2026
PEL,LED,LED 32 HD BAZEL LESS,"35,124",4900,,10 Month Plan,SEP,2026
PEL,LED,LED 32 QLED GOOGLE TV,"45,338",6300,,10 Month Plan,SEP,2026
PEL,LED,LED TV 43 QLED GOOGLE TV,"71,906",10100,,10 Month Plan,SEP,2026
PEL,LED,LED 50 QLED GOOGLE TV,"96,426",13500,,10 Month Plan,SEP,2026
PEL,LED,LED TV 58 QLED GOOGLE TV,"108,684",15200,,10 Month Plan,SEP,2026
PEL,LED,LED TV 65 QLED GOOGLE TV,"164,368",23000,,10 Month Plan,SEP,2026
PHILIPS,Home Appliances,PHILIPS AIR FRYER 460,"14,700",2100,,10 Month Plan,SEP,2026
PHILIPS,Home Appliances,AIR FRYER KENWOOD,"14,700",2100,,10 Month Plan,SEP,2026
PHILIPS,Home Appliances,PHILIPS F/F 11IN1,"13,700",1900,,10 Month Plan,SEP,2026
PHILIPS,Home Appliances,AIR FRYER PHILIPS 8085S,"18,500",2600,,10 Month Plan,SEP,2026
PHILIPS,Home Appliances,PHILIPS BLANDER 2IN1 632,"5,200",700,,10 Month Plan,SEP,2026
PHILIPS,Home Appliances,PHILIPS HAIER STRAIGHTNER 9985,"4,150",600,,10 Month Plan,SEP,2026
PHILIPS,Home Appliances,AIR FRYER PHILIPS 9792,"18,700",2900,,10 Month Plan,SEP,2026
PHILIPS,Home Appliances,Blendar Philips 3in1 555,"6,300",1000,,10 Month Plan,SEP,2026
PHILIPS,Home Appliances,Electric Kettle Philips Matle NK-02,"3,300",500,,10 Month Plan,SEP,2026
PHILIPS,Home Appliances,Juicer Philips 3in1 PH178,"5,300",800,,10 Month Plan,SEP,2026
PHILIPS,Home Appliances,PHILIP CERAMIC COOKER DIGITAL PH-402,"8,100",1300,,10 Month Plan,SEP,2026
PHILIPS,Home Appliances,PHILIPS 11 IN 1 PH-402,"13,400",2100,,10 Month Plan,SEP,2026
PHILIPS,Home Appliances,Philips Juicer 4in1 444,"7,300",1100,,10 Month Plan,SEP,2026
PHILIPS,Home Appliances,PHILIPS AIR FRYER 105,"17,500",2700,,10 Month Plan,SEP,2026
PHILIPS,Home Appliances,PHILIPS AIR FRYER 5030,"16,000",2500,,10 Month Plan,SEP,2026
PHILIPS,Home Appliances,PHILIPS AIR FRYER 9710,"15,700",2400,,10 Month Plan,SEP,2026
PHILIPS,Home Appliances,PHILIPS AIR FRYER AZ-23,"14,800",2300,,10 Month Plan,SEP,2026
PHILIPS,Home Appliances,PHILIPS AIR FRYER HD-9770,"25,600",4000,,10 Month Plan,SEP,2026
PHILIPS,Home Appliances,PHILIPS AIR FRYER XL AF-208,"18,500",2900,,10 Month Plan,SEP,2026
PHILIPS,Home Appliances,PHILIPS BLANDER 2IN1 HJ-5551,"3,700",600,,10 Month Plan,SEP,2026
PHILIPS,Home Appliances,PHILIPS CHOPPER 202,"5,700",900,,10 Month Plan,SEP,2026
PHILIPS,Home Appliances,Philips Chopper 222,"8,500",1300,,10 Month Plan,SEP,2026
PHILIPS,Home Appliances,PHILIPS IRON PH-922,"3,500",500,,10 Month Plan,SEP,2026
PHILIPS,Home Appliances,PHILIPS CITRUS PRESS 111,"4,800",700,,10 Month Plan,SEP,2026
PHILIPS,Home Appliances,PHILIPS F/F 402 7 IN 1,"13,200",2000,,10 Month Plan,SEP,2026
PHILIPS,Home Appliances,PHILIPS HAND MIXER 2757,"3,500",500,,10 Month Plan,SEP,2026
PHILIPS,Home Appliances,Philips Hot Plate 3525,"8,800",1400,,10 Month Plan,SEP,2026
PHILIPS,Home Appliances,PHILIPS HOT PLATE PH 4030,"13,800",2100,,10 Month Plan,SEP,2026
PHILIPS,Home Appliances,PHILIPS HR-776 JUICER,"21,000",3300,,10 Month Plan,SEP,2026
PHILIPS,Home Appliances,PHILIPS IRON NR-22,"4,400",700,,10 Month Plan,SEP,2026
PHILIPS,Home Appliances,PHILIPS JUICER 3IN1 PH-555,"6,650",1000,,10 Month Plan,SEP,2026
PHILIPS,Home Appliances,PHILIPS MASQUITO KILLER PH-014,"3,800",600,,10 Month Plan,SEP,2026
PHILIPS,Home Appliances,Philips Sandwich /M 0699,"6,200",1000,,10 Month Plan,SEP,2026
PHILIPS,Home Appliances,Philips steam Iron PH-417,"5,300",800,,10 Month Plan,SEP,2026
SAMSUNG,Mobile,Galaxy A07 4+64,"60,000",6000,,10 Month Plan,SEP,2026
SAMSUNG,Mobile,Galaxy A07 4+128,"74,000",7400,,10 Month Plan,SEP,2026
SAMSUNG,Mobile,Galaxy A07 6+128,"88,000",8800,,10 Month Plan,SEP,2026
SAMSUNG,Mobile,Galaxy A17 6+128,"102,000",10200,,10 Month Plan,SEP,2026
SAMSUNG,Mobile,Galaxy A17 8+256,"133,000",13300,,10 Month Plan,SEP,2026
SAMSUNG,Mobile,Galaxy A17 5G 8+256,"140,000",14000,,10 Month Plan,SEP,2026
SAMSUNG,Mobile,Galaxy A26 5G 8+256,"133,000",13300,,10 Month Plan,SEP,2026
SAMSUNG,Mobile,Galaxy A27 5G 8+256,"168,000",16800,,10 Month Plan,SEP,2026
SAMSUNG,Mobile,Galaxy A37 5G 8+256,"210,000",21000,,10 Month Plan,SEP,2026
SAMSUNG,Mobile,Galaxy A57 5G 8+256,"234,000",23400,,10 Month Plan,SEP,2026
SAMSUNG,Mobile,Galaxy A57 5G 12+256,"259,000",25900,,10 Month Plan,SEP,2026
SAMSUNG,Mobile,Galaxy A57 5G 12+512,"315,000",31500,,10 Month Plan,SEP,2026
SAMSUNG,Mobile,Galaxy S25 FE 8+256,"308,000",30800,,10 Month Plan,SEP,2026
SAMSUNG,Mobile,Galaxy S25 FE 8+512,"357,000",35700,,10 Month Plan,SEP,2026
SAMSUNG,Mobile,Galaxy S26 12+256,"448,000",44800,,10 Month Plan,SEP,2026
SAMSUNG,Mobile,Galaxy S26 12+512,"532,000",53200,,10 Month Plan,SEP,2026
SAMSUNG,Mobile,Galaxy S26+ 12+256,"539,000",53900,,10 Month Plan,SEP,2026
SAMSUNG,Mobile,Galaxy S26+ 12+512,"623,000",62300,,10 Month Plan,SEP,2026
SAMSUNG,Mobile,Galaxy S26 ULTRA 12+256,"630,000",63000,,10 Month Plan,SEP,2026
SAMSUNG,Mobile,Galaxy S26 ULTRA 12+512,"728,000",72800,,10 Month Plan,SEP,2026
SHAHEEN,HOOD/HOB, Chorus SG-2,7530,1200,,10 Month Plan,SEP,2026
SHAHEEN,HOOD/HOB,S-2200 CHINA BURNER,11530,1800,,10 Month Plan,SEP,2026
SHAHEEN,HOOD/HOB,S-2300 PK HOB,12130,1900,,10 Month Plan,SEP,2026
SHAHEEN,HOOD/HOB,G-500 HOB,12530,1900,,10 Month Plan,SEP,2026
SHAHEEN,HOOD/HOB,SG-G503 DEGI GOL HOB 3D,14030,2200,,10 Month Plan,SEP,2026
SHAHEEN,Cooking Range,Shaheen Cooking Range M-327 Cabnet,20030,2800,,10 Month Plan,SEP,2026
SHAHEEN,Cooking Range,Shaheen Cooking Range M-534 Cabinet,23030,3200,,10 Month Plan,SEP,2026
SHAHEEN,Cooking Range,Shaheen Cooking Range 327 oven,27530,3800,,10 Month Plan,SEP,2026
SHAHEEN,Cooking Range,Shaheen Cooking Range M 534 oven,32530,4500,,10 Month Plan,SEP,2026
SHAHEEN,Cooking Range,Shaheen Cooking Range M 334 Oven,33530,4600,,10 Month Plan,SEP,2026
SHAHEEN,Cooking Range,SM-534 DULEX,"33,818",4700,,10 Month Plan,SEP,2026
SHAHEEN,Cooking Range,SM-334 GOLL,"33,818",4700,,10 Month Plan,SEP,2026
SHAHEEN,Cooking Range,SM-796D DEGGI,"35,906",5000,,10 Month Plan,SEP,2026
SHAHEEN,Cooking Range,SM-796 MURCURY,"36,950",5100,,10 Month Plan,SEP,2026
SHAHEEN,Cooking Range,SM-697 AUTO,"37,994",5200,,10 Month Plan,SEP,2026
SHAHEEN,Cooking Range,SM-797 AUTO,"39,030",5400,,10 Month Plan,SEP,2026
SHAHEEN,Cooking Range,SM-797D AUTO ,"40,600",5600,,10 Month Plan,SEP,2026
SHAHEEN,Cooking Range,SM-550 MURCURY,"39,030",5400,,10 Month Plan,SEP,2026
SHAHEEN,Cooking Range,SM-550D AUTO,"39,140",5400,,10 Month Plan,SEP,2026
SHAHEEN,Cooking Range,SM-101 STEAMER,"34,869",4800,,10 Month Plan,SEP,2026
SHAHEEN,Cooking Range,SM-105 NURCURY,"36,950",5100,,10 Month Plan,SEP,2026
SHAHEEN,Cooking Range,SM-7000D SPECIAL SD,"44,286",6100,,10 Month Plan,SEP,2026
SHAHEEN,Cooking Range,SM-327G GOLL,"28,621",3900,,10 Month Plan,SEP,2026
SHAHEEN,Cooking Range,SM-327 DULEX,"28,621",3900,,10 Month Plan,SEP,2026
SHAHEEN,Cooking Range,SM-650 MURCURY ,"31,730",4400,,10 Month Plan,SEP,2026
SHAHEEN,Cooking Range,SM-750 AUTO ,"33,818",4700,,10 Month Plan,SEP,2026
SHAHEEN,Cooking Range,SM-750 D AUTO ,"34,869",4800,,10 Month Plan,SEP,2026
TECNO,Mobile,Spark Go-3 4+64,"56,000",5600,,10 Month Plan,SEP,2026
TECNO,Mobile,Spark Go-3 4+128,"66,000",6600,,10 Month Plan,SEP,2026
TECNO,Mobile,Spark 50 6+128,"85,000",8500,,10 Month Plan,SEP,2026
TECNO,Mobile,Spark 40 Pro 8+256,"109,000",10900,,10 Month Plan,SEP,2026
TECNO,Mobile,Spark 40 Pro+ 8+256,"112,000",11200,,10 Month Plan,SEP,2026
TECNO,Mobile,Camon 50 8+256,"140,000",14000,,10 Month Plan,SEP,2026
TECNO,Mobile,Camon 50 Pro 8+256,"154,000",15400,,10 Month Plan,SEP,2026
VIVO,Mobile,X Fold 5 16GB+512GB,"700,000",70000,,10 Month Plan,SEP,2026
VIVO,Mobile,X300 Pro 16GB+512GB,"490,000",49000,,10 Month Plan,SEP,2026
VIVO,Mobile,X300 FE 12GB+256GB,"378,000",37800,,10 Month Plan,SEP,2026
VIVO,Mobile,V70 12GB+512GB,"280,000",28000,,10 Month Plan,SEP,2026
VIVO,Mobile,V70 12GB+256GB,"252,000",25200,,10 Month Plan,SEP,2026
VIVO,Mobile,V70 8GB+256GB,"224,000",22400,,10 Month Plan,SEP,2026
VIVO,Mobile,V70 FE 12GB+256GB,"217,000",21700,,10 Month Plan,SEP,2026
VIVO,Mobile,V80 Lite 5G 8GB+256GB,"204,000",20400,,10 Month Plan,SEP,2026
VIVO,Mobile,V70 FE 8GB+256GB,"189,000",18900,,10 Month Plan,SEP,2026
VIVO,Mobile,V80 Lite 5G 8GB+128GB,"175,000",17500,,10 Month Plan,SEP,2026
VIVO,Mobile,Y500 8GB+256GB,"154,000",15400,,10 Month Plan,SEP,2026
VIVO,Mobile,Y500 8GB+128GB,"140,000",14000,,10 Month Plan,SEP,2026
VIVO,Mobile,Y31d 8GB+256GB,"133,000",13300,,10 Month Plan,SEP,2026
VIVO,Mobile,Y500 6GB+128GB,"123,000",12300,,10 Month Plan,SEP,2026
VIVO,Mobile,Y31d 8GB+128GB,"116,000",11600,,10 Month Plan,SEP,2026
VIVO,Mobile,Y31d 6GB+128GB,"102,000",10200,,10 Month Plan,SEP,2026
VIVO,Mobile,Y11d 6GB+128GB,"97,000",9700,,10 Month Plan,SEP,2026
VIVO,Mobile,Y11d 4GB+128GB,"74,000",7400,,10 Month Plan,SEP,2026
VIVO,Mobile,Y05 4GB+128GB,"71,000",7100,,10 Month Plan,SEP,2026
VIVO,Mobile,Y05 4GB+64GB,"63,000",6300,,10 Month Plan,SEP,2026
VIVO,Mobile,Y05e 4GB+64GB,"56,000",5600,,10 Month Plan,SEP,2026
WEST POINT,Home Appliances,Coffee Grinder WF 9223,"5,400",800,,10 Month Plan,SEP,2026
WEST POINT,Home Appliances,Dough Maker WestPoint WF-4616,"26,200",4100,,10 Month Plan,SEP,2026
WEST POINT,Home Appliances,Dough Maker WestPoint WF-4626,"27,200",4200,,10 Month Plan,SEP,2026
WEST POINT,Home Appliances,Garment Steamer WF-1154,"20,700",3200,,10 Month Plan,SEP,2026
WEST POINT,Home Appliances,HAND MIXER BOWL 9502,"9,900",1500,,10 Month Plan,SEP,2026
WEST POINT,Home Appliances,HANDY STEAMER 1253,"10,200",1600,,10 Month Plan,SEP,2026
WEST POINT,Home Appliances,Juicer 3in1 Westpoint WF7901,"14,300",2200,,10 Month Plan,SEP,2026
WEST POINT,Home Appliances,Juicer Blender & Grinder 3in1 West Point WF-738,"8,500",1300,,10 Month Plan,SEP,2026
WEST POINT,Home Appliances,MULTI FUNCTIONAL KETTLE 6275,"9,400",1500,,10 Month Plan,SEP,2026
WEST POINT,Home Appliances,WEST POINT 2IN1 718,"7,900",1200,,10 Month Plan,SEP,2026
WEST POINT,Home Appliances,West Point Air Fryer 4258,"36,900",5700,,10 Month Plan,SEP,2026
WEST POINT,Home Appliances,WEST POINT AIR FRYER 5255,"26,600",4100,,10 Month Plan,SEP,2026
WEST POINT,Home Appliances,WEST POINT AIR FRYER 7259,"40,200",6200,,10 Month Plan,SEP,2026
WEST POINT,Home Appliances,WEST POINT BLANDER & GRINDER 3IN1 WP-949,"8,400",1300,,10 Month Plan,SEP,2026
WEST POINT,Home Appliances,WEST POINT BLANDER 332,"8,300",1300,,10 Month Plan,SEP,2026
WEST POINT,Home Appliances,WEST POINT BLENDER 2IN1 WF-929,"8,000",1200,,10 Month Plan,SEP,2026
WEST POINT,Home Appliances,WEST POINT CAREMIC COOKER 152,"18,300",2800,,10 Month Plan,SEP,2026
WEST POINT,Home Appliances,WEST POINT CAREMIC COOKER 291,"15,500",2400,,10 Month Plan,SEP,2026
WEST POINT,Home Appliances,WEST POINT DOUGH MAKER WF-3616,"18,300",2800,,10 Month Plan,SEP,2026
WEST POINT,Home Appliances,WEST POINT FOOD FACTORY 4806,"20,600",3200,,10 Month Plan,SEP,2026
WEST POINT,Home Appliances,WEST POINT FOOD FACTORY WF-2803,"19,391",3000,,10 Month Plan,SEP,2026
WEST POINT,Home Appliances,WEST POINT FOOD FACTORY WF-2805,"19,391",3000,,10 Month Plan,SEP,2026
WEST POINT,Home Appliances,WEST POINT GRINDER 2IN1 WP-929,"7,700",1200,,10 Month Plan,SEP,2026
WEST POINT,Home Appliances,WEST POINT HAND BLANDER 9815,"10,300",1600,,10 Month Plan,SEP,2026
WEST POINT,Home Appliances,WEST POINT HAND BLANDER 9935,"9,700",1500,,10 Month Plan,SEP,2026
WEST POINT,Home Appliances,WEST POINT HAND BLENDER WF-9914,"9,068",1400,,10 Month Plan,SEP,2026
WEST POINT,Home Appliances,West point Hand Mixer 9701,"8,200",1300,,10 Month Plan,SEP,2026
WEST POINT,Home Appliances,WEST POINT HANDY GARMENT WF-1353,"11,400",1800,,10 Month Plan,SEP,2026
WEST POINT,Home Appliances,West Point Hotplate WF-281,"10,000",1600,,10 Month Plan,SEP,2026
WEST POINT,Home Appliances,WEST POINT IRON 78B,"8,510",1300,,10 Month Plan,SEP,2026
WEST POINT,Home Appliances,WEST POINT IRON 81B,"8,200",1300,,10 Month Plan,SEP,2026
WEST POINT,Home Appliances,WEST POINT IRON 90-B,"8,000",1200,,10 Month Plan,SEP,2026
WEST POINT,Home Appliances,West Point Iron WF-2432,"6,929",1100,,10 Month Plan,SEP,2026
WEST POINT,Home Appliances,WEST POINT JUICER 5160,"16,400",2500,,10 Month Plan,SEP,2026
WEST POINT,Home Appliances,WEST POINT JUICER 8813,"14,800",2300,,10 Month Plan,SEP,2026
WEST POINT,Home Appliances,WEST POINT JUICER BLENDER WF-8823,"14,800",2300,,10 Month Plan,SEP,2026
WEST POINT,Home Appliances,WEST POINT KETTLE 8266,"9,000",1400,,10 Month Plan,SEP,2026
WEST POINT,Home Appliances,WEST POINT OVEN WF-4800 RKC,"34,900",5400,,10 Month Plan,SEP,2026
WEST POINT,Home Appliances,WEST POINT QUICK CHOPPER WF-04,"4,000",600,,10 Month Plan,SEP,2026
WEST POINT,Home Appliances,WEST POINT QUICK CHOPPER WF-10,"4,200",700,,10 Month Plan,SEP,2026
WEST POINT,Home Appliances,West Point S/Maker WF-6686,"8,300",1300,,10 Month Plan,SEP,2026
WEST POINT,Home Appliances,WEST POINT SANDWHICH MAKER 640,"7,900",1200,,10 Month Plan,SEP,2026
WEST POINT,Home Appliances,WEST POINT SANDWICH MAKER 692,"7,900",1200,,10 Month Plan,SEP,2026
WEST POINT,Home Appliances,WEST POINT STEAM IRON 2063,"9,900",1500,,10 Month Plan,SEP,2026
WEST POINT,Home Appliances,WEST POINT TOASTER 2563,"12,600",2000,,10 Month Plan,SEP,2026
WEST POINT,Home Appliances,WEST POINT VACCUM CLEANER 3669,"33,200",5100,,10 Month Plan,SEP,2026
WEST POINT,Home Appliances,WEST POINT VACCUM CLEARNER 104,"27,600",4300,,10 Month Plan,SEP,2026
WEST POINT,Home Appliances,WEST POINT VACUME CLEANER WF-960,"29,400",4600,,10 Month Plan,SEP,2026
WEST POINT,Home Appliances,West Points Air Foyer WF-5254,"25,800",4000,,10 Month Plan,SEP,2026
WEST POINT,Home Appliances,West Points F/Factor WF-3804,"19,391",3000,,10 Month Plan,SEP,2026
WEST POINT,Home Appliances,WEST POINTS F/FACTORY WF-2804,"19,391",3000,,10 Month Plan,SEP,2026
WEST POINT,Home Appliances,Westpoint Food Factory WF-5806,"21,100",3300,,10 Month Plan,SEP,2026
WEST POINT,Home Appliances,WESTPOINT HAIR DRYER 6259,"7,500",1200,,10 Month Plan,SEP,2026
WEST POINT,Home Appliances,WESTPOINT IRON 85B,"8,500",1300,,10 Month Plan,SEP,2026
WEST POINT,Home Appliances,WESTPOINT IRON NR-2323,"4,300",700,,10 Month Plan,SEP,2026
WEST POINT,Home Appliances,Westpoint Iron WF-2064,"8,800",1400,,10 Month Plan,SEP,2026
WEST POINT,Home Appliances,Westpoint Iron WF-2065,"8,800",1400,,10 Month Plan,SEP,2026
WEST POINT,Home Appliances,WESTPOINT S/M WF-694,"7,900",1200,,10 Month Plan,SEP,2026
WEST POINT,Home Appliances,WESTPOINT VACUME CLEANER 3569,"32,900",5100,,10 Month Plan,SEP,2026
WEST POINT,Home Appliances,WF-409 KETTLE,"7,700",1200,,10 Month Plan,SEP,2026
WEST POINT,Home Appliances,WF-4805 FOOD FACTORY,"21,300",3300,,10 Month Plan,SEP,2026
WEST POINT,Home Appliances,WF-495 C JUICER,"16,300",2500,,10 Month Plan,SEP,2026
WEST POINT,Home Appliances,WF-6093 SANDWHICH,"12,200",1900,,10 Month Plan,SEP,2026
WEST POINT,Home Appliances,WF-6172 KETTLE,"9,400",1500,,10 Month Plan,SEP,2026
WEST POINT,Home Appliances,WF-6697 SANDWHICH,"10,300",1600,,10 Month Plan,SEP,2026
WEST POINT,Home Appliances,WF-7201 JUICER 3IN1,"14,300",2200,,10 Month Plan,SEP,2026
WEST POINT,Home Appliances,WF-80B IRON,"8,510",1300,,10 Month Plan,SEP,2026
WEST POINT,Home Appliances,WF-9215 STICK,"9,600",1500,,10 Month Plan,SEP,2026
WEST POINT,Home Appliances,WF-9914 STICK,"9,400",1500,,10 Month Plan,SEP,2026
WEST POINT,Home Appliances,WP-1718 BLANDER,"7,700",1200,,10 Month Plan,SEP,2026
WEST POINT,Home Appliances,WEST POINT KETTLE WP-3117,"5,900",900,,10 Month Plan,SEP,2026
WEST POINT,Home Appliances,WEST POINT KETTLE WP-3118,"5,900",900,,10 Month Plan,SEP,2026
WEST POINT,Home Appliances,WEST POINT BLENDER 2IN1 WP-9291,"7,952",1200,,10 Month Plan,SEP,2026
WEST POINT,Home Appliances,WF-7500 RKC,"44,035",6800,,10 Month Plan,SEP,2026
WEST POINT,Home Appliances,WEST POINT SANDWHICH MAKER WP-637,"8,045",1200,,10 Month Plan,SEP,2026
WEST POINT,Home Appliances,WEST POINT CHOPPER WP-496,"15,857",2500,,10 Month Plan,SEP,2026
WEST POINT,Home Appliances,WEST POINT JUICER 4IN1 WP-8814,"16,415",2500,,10 Month Plan,SEP,2026
WEST POINT,Home Appliances,WEST POINT VACCUM CLEARNER 104,"27,854",3900,,10 Month Plan,SEP,2026
WEST POINT,Home Appliances,WP-2451 DRY IRON,"6,929",1000,,10 Month Plan,SEP,2026
WEST POINT,Home Appliances,WF-408 KETTLE,"7,855",1100,,10 Month Plan,SEP,2026
WEST POINT,Home Appliances,WP-7806 F/F,"21,158",3000,,10 Month Plan,SEP,2026
WEST POINT,Home Appliances,WSET POINT WP-143 DELUX INDUCTION COOKER,"19,949",2800,,10 Month Plan,SEP,2026
WEST POINT,Home Appliances,WEST POINT HAND BLENDER WF-9814,"9,626",1300,,10 Month Plan,SEP,2026
WEST POINT,Home Appliances,WF-6275 KETTLE,"9,719",1400,,10 Month Plan,SEP,2026
WEST POINT,Home Appliances,WESTPOINT CHOPPER WF-1098,"12,974",1800,,10 Month Plan,SEP,2026
WEST POINT,Home Appliances,WEST POINT BLANDER 343,"14,276",2000,,10 Month Plan,SEP,2026
WEST POINT,Home Appliances,WEST POINT CHOPPER CHEF-441,"14,276",2000,,10 Month Plan,SEP,2026
WEST POINT,Home Appliances,Chopper West Point WF-497 C,"15,950",2200,,10 Month Plan,SEP,2026
WEST POINT,Home Appliances,West Points Air Foyer WF-5256,"28,970",4100,,10 Month Plan,SEP,2026
XIAOMI,Mobile,REDMI A5 4+64,"41,000",4100,,10 Month Plan,SEP,2026
XIAOMI,Mobile,REDMI A7 PRO 4+64,"55,000",5500,,10 Month Plan,SEP,2026
XIAOMI,Mobile,REDMI A5 4+128,"45,000",4500,,10 Month Plan,SEP,2026
XIAOMI,Mobile,REDMI A7 PRO 4+128,"63,000",6300,,10 Month Plan,SEP,2026
XIAOMI,Mobile,REDMI 15C 4+128,"60,000",6000,,10 Month Plan,SEP,2026
XIAOMI,Mobile,REDMI 14C 6+128,"42,000",4200,,10 Month Plan,SEP,2026
XIAOMI,Mobile,REDMI 15C 6+128,"64,000",6400,,10 Month Plan,SEP,2026
XIAOMI,Mobile,NOTE 14 8+128,"78,000",7800,,10 Month Plan,SEP,2026
XIAOMI,Mobile,REDMI 15 8+128,"83,000",8300,,10 Month Plan,SEP,2026
XIAOMI,Mobile,NOTE 15 8+128,"106,000",10600,,10 Month Plan,SEP,2026
XIAOMI,Mobile,POCO C85 8+256,"81,000",8100,,10 Month Plan,SEP,2026
XIAOMI,Mobile,REDMI NOTE 14 8+256,"84,000",8400,,10 Month Plan,SEP,2026
XIAOMI,Mobile,REDMI NOTE 14 PRO 8+256,"120,000",12000,,10 Month Plan,SEP,2026
XIAOMI,Mobile,REDMI NOTE 15 8+256,"113,000",11300,,10 Month Plan,SEP,2026
XIAOMI,Mobile,REDMI NOTE 15 PRO 8+256,"141,000",14100,,10 Month Plan,SEP,2026
XIAOMI,Mobile,NOTE 14 PRO 12+512,"141,000",14100,,10 Month Plan,SEP,2026
XIAOMI,Mobile,REDMI NOTE 15 PRO 12+512,"169,000",16900,,10 Month Plan,SEP,2026
XIAOMI,LED,32A2026,"47,240",6400,,10 Month Plan,SEP,2026
XIAOMI,LED,43A2026,"71,600",9700,,10 Month Plan,SEP,2026
XIAOMI,LED,43APro,"87,720",11800,,10 Month Plan,SEP,2026
XIAOMI,LED,55APro,"124,360",16800,,10 Month Plan,SEP,2026
XIAOMI,LED,65Apro,"178,440",24100,,10 Month Plan,SEP,2026
XIAOMI,LED,75Apro,"258,920",35000,,10 Month Plan,SEP,2026
XIAOMI,LED,65MIni,"236,130",31900,,10 Month Plan,SEP,2026
XIAOMI,LED,75Mini,"329,950",44500,,10 Month Plan,SEP,2026
JINPENG,Scooty,"ECO 800W 80-90Km, 72V 26 AH, 45Km/h ","273,000",18200,,15 Month Plan,SEP,2026
JINPENG,Scooty,"Reliance 800W 80-90Km, 72V 26 AH, 30Km/h ","345,000",23000,,15 Month Plan,SEP,2026
JINPENG,Scooty,"Step-Up 800W 45-60Km, 72V 26 AH, 30Km/h ","430,500",28700,,15 Month Plan,SEP,2026
JINPENG,Scooty,"Ride 1000W 110-120Km, 72V 30AH, 50Km/h","316,500",21100,,15 Month Plan,SEP,2026
JINPENG,Scooty,"Sprint 1000W 100-110Km, 72V 30 AH, 55Km/h","331,500",22100,,15 Month Plan,SEP,2026
JINPENG,Scooty,"Swift 1200W  130-140Km, 72V 42AH, 55Km/h","360,000",24000,,15 Month Plan,SEP,2026
JINPENG,Scooty,"Rush 1200W 130-140Km, 72V 42AH, 55Km/h","375,000",25000,,15 Month Plan,SEP,2026
JINPENG,Scooty,"Cruise 1500W 120-130Km, 72V 42AH, 65Km/h","403,500",26900,,15 Month Plan,SEP,2026
JINPENG,Scooty,"Thunder 1500-1800W 70-100Km, 72V 42AH, 65Km/h","561,000",37400,,15 Month Plan,SEP,2026
JINPENG,Scooty,"Thrill 2000W 140-160Km, 72V 42AH, 75Km/h","792,000",52800,,15 Month Plan,SEP,2026
HONDA,Scooty,Honda ICON-E 1500W,"604,500",40300,,15 Month Plan,SEP,2026
RAMZA,Scooty,Liberty 1000W,"250,000",25000,,10 Month Plan,SEP,2026
RAMZA,Scooty,Yaari Plus 1000W,"236,000",23600,,10 Month Plan,SEP,2026
SUPER STAR,Scooty,Super Star Scooty,"312,000",31200,,10 Month Plan,SEP,2026
SUPER STAR,Bike,Super Star 70CC,"156,000",15600,,10 Month Plan,SEP,2026
UNITED,Bike,United 70CC,"153,000",15300,,10 Month Plan,SEP,2026
ROAD PRINCE,Bike,Road Prince 70CC,"153,000",15300,,10 Month Plan,SEP,2026
SUPER POWER,Bike,Super Power 70CC,"153,000",15300,,10 Month Plan,SEP,2026
